"session_id","time_start","completion_code","respID","prime_group_label","time_end","next_veh_when","next_veh_market","next_veh_style","household_veh_count","household_veh_fuel","charger_access","neighbor_ev_info","primary_veh_fuel","primary_veh_new_used","primary_veh_obtain_how","primary_veh_cost","primary_veh_payment","primary_veh_gas_mileage","primary_veh_refuel","primary_veh_range","next_veh_budget","next_veh_payment","next_veh_fuel","next_veh_fuel_new_phev","next_veh_fuel_used_phev","next_veh_fuel_new_bev","next_veh_fuel_used_bev","next_veh_nobev","next_veh_car_images","next_veh_suv_images","vehicle_cbc_q0_button","vehicle_cbc_q1_button","vehicle_cbc_q2_button","vehicle_cbc_q3_button","vehicle_cbc_q4_button","vehicle_cbc_q5_button","vehicle_cbc_q6_button","battery_cbc_q0_button","battery_cbc_q1_button","battery_cbc_q2_button","battery_cbc_q3_button","battery_cbc_q4_button","battery_cbc_q5_button","battery_attribute","battery_attribute_veh_mile","battery_attribute_veh_price","battery_attribute_battery_refurbish","battery_attribute_battery_health","run_on_gasoline","plugged_in","know_electric_vehicle","write_electric_name","max_subsidy","birth_year","gender","ethnicity","race","household_size","employment_status","total_household_income","educational_qualification","current_housing","own_or_rent","electric_bill","political_views","party_voting","home_zipcode","time_q_next_veh_when","time_q_next_veh_market","time_q_next_veh_style","time_q_household_veh_count","time_q_household_veh_fuel","time_q_charger_access","time_q_neighbor_ev_info","time_q_primary_veh_fuel","time_q_primary_veh_new_used","time_q_primary_veh_obtain_how","time_q_primary_veh_cost","time_q_primary_veh_payment","time_q_primary_veh_gas_mileage","time_q_primary_veh_refuel","time_q_primary_veh_range","time_q_next_veh_budget","time_q_next_veh_payment","time_q_next_veh_fuel","time_q_next_veh_fuel_new_phev","time_q_next_veh_fuel_used_phev","time_q_next_veh_fuel_new_bev","time_q_next_veh_fuel_used_bev","time_q_next_veh_nobev","time_q_next_veh_car_images","time_q_next_veh_suv_images","time_q_vehicle_cbc_q0_button","time_q_vehicle_cbc_q1_button","time_q_vehicle_cbc_q2_button","time_q_vehicle_cbc_q3_button","time_q_vehicle_cbc_q4_button","time_q_vehicle_cbc_q5_button","time_q_vehicle_cbc_q6_button","time_q_battery_cbc_q0_button","time_q_battery_cbc_q1_button","time_q_battery_cbc_q2_button","time_q_battery_cbc_q3_button","time_q_battery_cbc_q4_button","time_q_battery_cbc_q5_button","time_q_battery_attribute","time_q_battery_attribute_veh_mile","time_q_battery_attribute_veh_price","time_q_battery_attribute_battery_refurbish","time_q_battery_attribute_battery_health","time_q_run_on_gasoline","time_q_plugged_in","time_q_know_electric_vehicle","time_q_write_electric_name","time_q_max_subsidy","time_q_birth_year","time_q_gender","time_q_ethnicity","time_q_race","time_q_household_size","time_q_employment_status","time_q_total_household_income","time_q_educational_qualification","time_q_current_housing","time_q_own_or_rent","time_q_electric_bill","time_q_political_views","time_q_party_voting","time_q_home_zipcode","time_p_welcome","time_p_consent","time_p_filter","time_p_household_veh","time_p_primary_veh","time_p_next_veh_info","time_p_next_veh_info_nobev","time_p_next_veh_style_car","time_p_next_veh_style_suv","time_p_cbc_intro","time_p_cbc_demo","time_p_vehicle_pageQ1_button","time_p_vehicle_pageQ2_button","time_p_vehicle_pageQ3_button","time_p_vehicle_pageQ4_button","time_p_vehicle_pageQ5_button","time_p_vehicle_pageQ6_button","time_p_battery_prime_short","time_p_battery_prime_long","time_p_battery_cbc_intro","time_p_battery_cbc_demo","time_p_battery_pageQ1_button","time_p_battery_pageQ2_button","time_p_battery_pageQ3_button","time_p_battery_pageQ4_button","time_p_battery_pageQ5_button","time_p_battery_pageQ6_button","time_p_battery_attribute_rank","time_p_page4","time_p_page6","time_p_end","time_p_screenout","current_page","time_p_ev_knowledge","time_p_individual_attribute","primary_veh_mpg","time_q_primary_veh_mpg"
"7d01b3f3bebc7343427fbdca030a1e14","2025-06-12 16:47:59 UTC",3059792720,3433,"prime_short","2025-06-12 16:50:55 UTC","12","new","Car / sedan / hatchback",0,"","","","","","",,,,,,,"",,"","","","","","","","","","","","","","","","","","","","",,"","","","","","","","",,,"","","","","",,,,"",,,,"","2025-06-12 16:48:05 UTC","2025-06-12 16:48:06 UTC","2025-06-12 16:48:07 UTC","2025-06-12 16:48:11 UTC","","","","","","","","","","","","","",,"","","","","","","","","","","","","","","","","","","","",,"","","","","","","","","","","","","","","","","","","","","","","","2025-06-12 16:47:59 UTC","2025-06-12 16:48:01 UTC","2025-06-12 16:48:02 UTC","2025-06-12 16:48:08 UTC","","","","","","","","","","","","","","","","","","","","","","","","",,,"","","household_veh","","",,""
"3e465449fce27e16de872b10b012a46a","2025-06-12 16:51:16 UTC",8317674627,3102,"prime_long","2025-06-12 16:56:56 UTC","6","new","other",2,"hev, bev","yes","no","hev","used","bought_private",27500,450,65,8,175,35000,"finance",,"very_unlikely","somewhat_unlikely","nuetral","somewhat_likely","gea","3_new_car_sedan_subcompact","","","","","","","","","","","","","","",,"","","","","","","","",,,"","","","","",,,,"",,,,"","2025-06-12 16:51:24 UTC","2025-06-12 16:51:27 UTC","2025-06-12 16:51:28 UTC","2025-06-12 16:51:45 UTC","2025-06-12 16:51:50 UTC","2025-06-12 16:51:53 UTC","2025-06-12 16:51:55 UTC","2025-06-12 16:52:01 UTC","2025-06-12 16:52:03 UTC","2025-06-12 16:52:04 UTC","2025-06-12 16:52:17 UTC","2025-06-12 16:52:19 UTC","2025-06-12 16:52:22 UTC","2025-06-12 16:52:27 UTC","2025-06-12 16:52:31 UTC","2025-06-12 16:52:45 UTC","2025-06-12 16:52:46 UTC",,"2025-06-12 16:52:53 UTC","2025-06-12 16:52:54 UTC","2025-06-12 16:52:54 UTC","2025-06-12 16:52:55 UTC","2025-06-12 16:52:59 UTC","2025-06-12 16:53:02 UTC","","","","","","","","","","","","","","",,"","","","","","","","","","","","","","","","","","","","","","","","2025-06-12 16:51:16 UTC","2025-06-12 16:51:18 UTC","2025-06-12 16:51:19 UTC","2025-06-12 16:51:30 UTC","2025-06-12 16:51:56 UTC","2025-06-12 16:52:38 UTC","2025-06-12 16:52:56 UTC","2025-06-12 16:53:00 UTC","2025-06-12 16:53:04 UTC","","","","","","","","","","","","","","","","","","","",,,"","","next_veh_style_suv","","",,""
"400fe7b9cbbb408acce8a3b471497827","2025-06-12 17:00:49 UTC",1220527731,999,"prime_long","2025-06-12 17:07:53 UTC","not_sure","both","other",,"","","","","","",,,,,,,"",,"","","","","","","","","","","","","","","","","","","","",,"","","","","","","","",,,"","","","","",,,,"",,,,"","2025-06-12 17:01:07 UTC","2025-06-12 17:01:09 UTC","2025-06-12 17:01:10 UTC","","","","","","","","","","","","","","",,"","","","","","","","","","","","","","","","","","","","",,"","","","","","","","","","","","","","","","","","","","","","","","2025-06-12 17:00:49 UTC","2025-06-12 17:00:51 UTC","2025-06-12 17:00:53 UTC","","","","","","","","","","","","","","","","","","","","","","","","","",,,"","","filter","","",,""
"b14f2bd12a3dd9f0316b24affec0cd7d","2025-06-12 17:08:12 UTC",3886272268,905,"prime_short","2025-06-12 17:44:18 UTC","6","new","SUV / crossover",0,"","no","yes","phev","used","bought_dealership",17500,850,35,12,175,30000,"pay_full",,"very_unlikely","somewhat_unlikely","nuetral","somewhat_likely","fre","2_new_car_hatchback_subcompact","4_new_crossover_midsize","option_2","option_3","option_1","option_2","option_1","option_3","option_2","option_2","option_3","option_1","option_2","option_3","option_2",,"not_at_all","slightly","moderately","very","","","yes","",,,"","","","","",,,,"",,,,"","2025-06-12 17:08:18 UTC","2025-06-12 17:08:18 UTC","2025-06-12 17:08:19 UTC","2025-06-12 17:08:23 UTC","","2025-06-12 17:08:24 UTC","2025-06-12 17:08:24 UTC","2025-06-12 17:15:43 UTC","2025-06-12 17:15:44 UTC","2025-06-12 17:15:53 UTC","2025-06-12 17:15:54 UTC","2025-06-12 17:15:55 UTC","2025-06-12 17:15:56 UTC","2025-06-12 17:15:58 UTC","2025-06-12 17:15:59 UTC","2025-06-12 17:16:02 UTC","2025-06-12 17:16:04 UTC",,"2025-06-12 17:16:07 UTC","2025-06-12 17:16:07 UTC","2025-06-12 17:16:08 UTC","2025-06-12 17:16:08 UTC","2025-06-12 17:16:11 UTC","2025-06-12 17:16:13 UTC","2025-06-12 17:16:16 UTC","2025-06-12 17:16:24 UTC","2025-06-12 17:16:26 UTC","2025-06-12 17:16:28 UTC","2025-06-12 17:16:32 UTC","2025-06-12 17:16:34 UTC","2025-06-12 17:16:36 UTC","2025-06-12 17:16:38 UTC","2025-06-12 17:17:21 UTC","2025-06-12 17:17:23 UTC","2025-06-12 17:17:25 UTC","2025-06-12 17:17:27 UTC","2025-06-12 17:17:47 UTC","2025-06-12 17:17:37 UTC",,"2025-06-12 17:18:22 UTC","2025-06-12 17:18:47 UTC","2025-06-12 17:18:48 UTC","2025-06-12 17:18:49 UTC","","","2025-06-12 17:18:56 UTC","","","","","","","","","","","","","","","","","2025-06-12 17:08:12 UTC","2025-06-12 17:08:14 UTC","2025-06-12 17:08:15 UTC","2025-06-12 17:08:20 UTC","2025-06-12 17:08:25 UTC","2025-06-12 17:16:00 UTC","2025-06-12 17:16:09 UTC","2025-06-12 17:16:12 UTC","2025-06-12 17:16:15 UTC","2025-06-12 17:16:17 UTC","2025-06-12 17:16:22 UTC","2025-06-12 17:16:24 UTC","2025-06-12 17:16:26 UTC","2025-06-12 17:16:31 UTC","2025-06-12 17:16:33 UTC","2025-06-12 17:16:35 UTC","2025-06-12 17:16:37 UTC","2025-06-12 17:16:39 UTC","","2025-06-12 17:16:42 UTC","2025-06-12 17:17:12 UTC","2025-06-12 17:17:22 UTC","2025-06-12 17:17:24 UTC","2025-06-12 17:17:26 UTC","2025-06-12 17:17:27 UTC","2025-06-12 17:17:29 UTC","2025-06-12 17:17:45 UTC","2025-06-12 17:17:47 UTC",,,"","","ev_knowledge","2025-06-12 17:18:50 UTC","",,""
"cbed12c503a289d089d09891ff957e59","2025-06-12 17:45:44 UTC",2735174498,940,"prime_short","2025-06-12 17:45:54 UTC","24","both","other",,"","","","","","",,,,,,,"",,"","","","","","","","","","","","","","","","","","","","",,"","","","","","","","",,,"","","","","",,,,"",,,,"","2025-06-12 17:45:48 UTC","2025-06-12 17:45:50 UTC","2025-06-12 17:45:50 UTC","","","","","","","","","","","","","","",,"","","","","","","","","","","","","","","","","","","","",,"","","","","","","","","","","","","","","","","","","","","","","","2025-06-12 17:45:44 UTC","2025-06-12 17:45:46 UTC","2025-06-12 17:45:47 UTC","2025-06-12 17:45:51 UTC","","","","","","","","","","","","","","","","","","","","","","","","",,,"","","household_veh","","",,""
"c2b0d67c85ebc0f18546bb29e087b26c","2025-06-12 21:35:05 UTC",8745501188,3225,"prime_long","2025-06-12 21:35:18 UTC","not_sure","used","SUV / crossover",,"","","","","","",,,,,,,"",,"","","","","","","","","","","","","","","","","","","","",,"","","","","","","","",,,"","","","","",,,,"",,,,"","2025-06-12 21:35:09 UTC","2025-06-12 21:35:14 UTC","2025-06-12 21:35:15 UTC","","","","","","","","","","","","","","",,"","","","","","","","","","","","","","","","","","","","",,"","","","","","","","","","","","","","","","","","","","","","","","2025-06-12 21:35:05 UTC","2025-06-12 21:35:07 UTC","2025-06-12 21:35:08 UTC","2025-06-12 21:35:15 UTC","","","","","","","","","","","","","","","","","","","","","","","","",,,"","","household_veh","","",,""
"527b6efaa195faa897a9df70c1b39991","2025-06-12 21:37:28 UTC",4955919679,114,"prime_short","2025-06-12 21:37:42 UTC","not_sure","both","other",,"","","","","","",,,,,,,"",,"","","","","","","","","","","","","","","","","","","","",,"","","","","","","","",,,"","","","","",,,,"",,,,"","2025-06-12 21:37:35 UTC","2025-06-12 21:37:37 UTC","2025-06-12 21:37:38 UTC","","","","","","","","","","","","","","",,"","","","","","","","","","","","","","","","","","","","",,"","","","","","","","","","","","","","","","","","","","","","","","2025-06-12 21:37:28 UTC","2025-06-12 21:37:30 UTC","2025-06-12 21:37:32 UTC","2025-06-12 21:37:39 UTC","","","","","","","","","","","","","","","","","","","","","","","","",,,"","","household_veh","","",,""
"8151d0bcae4d372440cf7878848572e0","2025-06-12 21:38:39 UTC",4955057271,3830,"prime_long","2025-06-12 21:58:40 UTC","6","both","other",,"","","","","","",,,,,,,"",,"","","","","","","","","","","","","","","","","","","","",,"","","","","","","","",,,"","","","","",,,,"",,,,"","2025-06-12 21:38:46 UTC","2025-06-12 21:38:47 UTC","2025-06-12 21:38:48 UTC","","","","","","","","","","","","","","",,"","","","","","","","","","","","","","","","","","","","",,"","","","","","","","","","","","","","","","","","","","","","","","2025-06-12 21:38:39 UTC","2025-06-12 21:38:40 UTC","2025-06-12 21:38:42 UTC","","","","","","","","","","","","","","","","","","","","","","","","","",,,"","2025-06-12 21:38:49 UTC","screenout","","",,""
"96d13f6b22fafb5d13bee7ddd8d6041e","2025-06-12 21:38:55 UTC",2346284995,3830,"prime_long","2025-06-12 21:39:05 UTC","24","new","Car / sedan / hatchback",,"","","","","","",,,,,,,"",,"","","","","","","","","","","","","","","","","","","","",,"","","","","","","","",,,"","","","","",,,,"",,,,"","2025-06-12 21:38:59 UTC","2025-06-12 21:39:00 UTC","2025-06-12 21:39:02 UTC","","","","","","","","","","","","","","",,"","","","","","","","","","","","","","","","","","","","",,"","","","","","","","","","","","","","","","","","","","","","","","2025-06-12 21:38:55 UTC","2025-06-12 21:38:56 UTC","2025-06-12 21:38:58 UTC","","","","","","","","","","","","","","","","","","","","","","","","","",,,"","2025-06-12 21:39:02 UTC","screenout","","",,""
"069ac4627805f03ce9d3a4be002eedbb","2025-06-13 01:12:36 UTC",4058159313,1816,"prime_long","2025-06-13 01:39:51 UTC","","","",,"","","","","","",,,,,,,"",,"","","","","","","","","","","","","","","","","","","","",,"","","","","","","","",,,"","","","","",,,,"",,,,"","","","","","","","","","","","","","","","","","",,"","","","","","","","","","","","","","","","","","","","",,"","","","","","","","","","","","","","","","","","","","","","","","2025-06-13 01:12:36 UTC","","","","","","","","","","","","","","","","","","","","","","","","","","","",,,"","","","","",,""
"ab7bf7743e2749118c07c32d3a4beb74","2025-06-13 01:12:39 UTC",9682988733,1816,"prime_short","2025-06-13 01:13:05 UTC","12","new","other",,"","","","","","",,,,,,,"",,"","","","","","","","","","","","","","","","","","","","",,"","","","","","","","",,,"","","","","",,,,"",,,,"","2025-06-13 01:12:57 UTC","2025-06-13 01:13:00 UTC","2025-06-13 01:13:02 UTC","","","","","","","","","","","","","","",,"","","","","","","","","","","","","","","","","","","","",,"","","","","","","","","","","","","","","","","","","","","","","","2025-06-13 01:12:39 UTC","2025-06-13 01:12:45 UTC","2025-06-13 01:12:47 UTC","","","","","","","","","","","","","","","","","","","","","","","","","",,,"","2025-06-13 01:13:03 UTC","screenout","","",,""
"802cbf5f4df3ec8cc6c827aa5033da00","2025-06-13 01:13:06 UTC",9918054126,1816,"prime_long","2025-06-13 01:39:51 UTC","6","used","Car / sedan / hatchback",,"","","","","","",,,,,,,"",,"","","","","","","","","","","","","","","","","","","","",,"","","","","","","","",,,"","","","","",,,,"",,,,"","2025-06-13 01:13:11 UTC","2025-06-13 01:13:12 UTC","2025-06-13 01:14:01 UTC","","","","","","","","","","","","","","",,"","","","","","","","","","","","","","","","","","","","",,"","","","","","","","","","","","","","","","","","","","","","","","2025-06-13 01:13:06 UTC","2025-06-13 01:13:07 UTC","2025-06-13 01:13:09 UTC","2025-06-13 01:14:09 UTC","","","","","","","","","","","","","","","","","","","","","","","","",,,"","","household_veh","","",,""
"3549a54f4c7a6710dab5444d403f8a02","2025-06-13 01:44:07 UTC",1545060262,3299,"prime_short","2025-06-13 01:50:21 UTC","","","",,"","","","","","",,,,,,,"",,"","","","","","","","","","","","","","","","","","","","",,"","","","","","","","",,,"","","","","",,,,"",,,,"","","","","","","","","","","","","","","","","","",,"","","","","","","","","","","","","","","","","","","","",,"","","","","","","","","","","","","","","","","","","","","","","","2025-06-13 01:44:07 UTC","","","","","","","","","","","","","","","","","","","","","","","","","","","",,,"","","","","",,""
"b6ff20edf3ceb410a508d8f57b9b9365","2025-06-13 01:44:13 UTC",2346126793,3299,"prime_short","2025-06-13 01:50:21 UTC","6","used","SUV / crossover",0,"icev, bev","no","no","","","",,,,,,,"",,"","","","","","","","","","","","","","","","","","","","",,"","","","","","","","",,,"","","","","",,,,"",,,,"","2025-06-13 01:44:17 UTC","2025-06-13 01:44:18 UTC","2025-06-13 01:44:19 UTC","2025-06-13 01:47:53 UTC","2025-06-13 01:45:05 UTC","2025-06-13 01:47:58 UTC","2025-06-13 01:48:46 UTC","","","","","","","","","","",,"","","","","","","","","","","","","","","","","","","","",,"","","","","","","","","","","","","","","","","","","","","","","","2025-06-13 01:44:13 UTC","2025-06-13 01:44:14 UTC","2025-06-13 01:44:16 UTC","2025-06-13 01:44:20 UTC","2025-06-13 01:48:47 UTC","","","","","","","","","","","","","","","","","","","","","","","",,,"","","primary_veh","","",,""
"7d211a27932ee3dc0d7d3d2cd9bf1061","2025-06-13 01:50:35 UTC",9046796892,2039,"prime_long","2025-06-13 02:28:38 UTC","","","",,"","","","","","",,,,,,,"",,"","","","","","","","","","","","","","","","","","","","",,"","","","","","","","",,,"","","","","",,,,"",,,,"","","","","","","","","","","","","","","","","","",,"","","","","","","","","","","","","","","","","","","","",,"","","","","","","","","","","","","","","","","","","","","","","","2025-06-13 01:50:35 UTC","2025-06-13 01:50:37 UTC","","","","","","","","","","","","","","","","","","","","","","","","","","",,,"","","consent","","",,""
"d8ca9abdb9edb5b856e93788ad24bcfb","2025-06-13 01:50:39 UTC",5839758816,2039,"prime_short","2025-06-13 01:51:46 UTC","6","used","SUV / crossover",0,"","yes","yes","","","",,,,,,,"",,"","","","","","","","","","","","","","","","","","","","",,"","","","","","","","",,,"","","","","",,,,"",,,,"","2025-06-13 01:50:43 UTC","2025-06-13 01:50:44 UTC","2025-06-13 01:50:45 UTC","2025-06-13 01:51:23 UTC","","2025-06-13 01:51:24 UTC","2025-06-13 01:51:27 UTC","","","","","","","","","","",,"","","","","","","","","","","","","","","","","","","","",,"","","","","","","","","","","","","","","","","","","","","","","","2025-06-13 01:50:39 UTC","2025-06-13 01:50:40 UTC","2025-06-13 01:50:42 UTC","2025-06-13 01:50:46 UTC","","2025-06-13 01:51:28 UTC","","","","","","","","","","","","","","","","","","","","","","",,,"","","next_veh_info","","",,""
"2ac574682cbb77a2fb8db6195e4c0905","2025-06-13 01:51:46 UTC",6851428437,2039,"prime_long","2025-06-13 02:27:51 UTC","6","used","SUV / crossover",3,"hev, bev","no","yes","hev","used","bought_private",37500,550,45,2,175,30000,"finance",,"very_unlikely","somewhat_unlikely","somewhat_unlikely","somewhat_unlikely","grea","6_new_car_hatchback_compact","","option_2","option_2","option_2","option_2","","","","","","","","","",,"","","","","","","","",,,"","","","","",,,,"",,,,"","2025-06-13 01:51:51 UTC","2025-06-13 01:51:51 UTC","2025-06-13 01:51:52 UTC","2025-06-13 01:51:55 UTC","2025-06-13 01:52:05 UTC","2025-06-13 01:52:26 UTC","2025-06-13 01:52:27 UTC","2025-06-13 01:57:23 UTC","2025-06-13 01:57:44 UTC","2025-06-13 01:57:47 UTC","2025-06-13 02:11:35 UTC","2025-06-13 02:11:39 UTC","2025-06-13 02:11:48 UTC","2025-06-13 02:11:50 UTC","2025-06-13 02:11:52 UTC","2025-06-13 02:12:09 UTC","2025-06-13 02:12:12 UTC",,"2025-06-13 02:12:49 UTC","2025-06-13 02:12:51 UTC","2025-06-13 02:12:53 UTC","2025-06-13 02:12:54 UTC","2025-06-13 02:13:00 UTC","2025-06-13 02:16:51 UTC","","2025-06-13 02:25:41 UTC","2025-06-13 02:27:24 UTC","2025-06-13 02:27:35 UTC","2025-06-13 02:27:41 UTC","","","","","","","","","",,"","","","","","","","","","","","","","","","","","","","","","","","2025-06-13 01:51:46 UTC","2025-06-13 01:51:48 UTC","2025-06-13 01:51:49 UTC","2025-06-13 01:51:53 UTC","2025-06-13 01:52:28 UTC","2025-06-13 02:11:58 UTC","2025-06-13 02:12:55 UTC","2025-06-13 02:13:06 UTC","","2025-06-13 02:16:52 UTC","2025-06-13 02:17:36 UTC","2025-06-13 02:27:07 UTC","2025-06-13 02:27:24 UTC","2025-06-13 02:27:37 UTC","2025-06-13 02:27:42 UTC","","","","","","","","","","","","","",,,"","","vehicle_pageQ4_button","","",,""
"4ae195ad827f9f99d9fb4b6ea0c9d9f5","2025-06-13 02:28:40 UTC",6659654400,1669,"prime_long","2025-06-13 02:41:28 UTC","","","",,"","","","","","",,,,,,,"",,"","","","","","","","","","","","","","","","","","","","",,"","","","","","","","",,,"","","","","",,,,"",,,,"","","","","","","","","","","","","","","","","","",,"","","","","","","","","","","","","","","","","","","","",,"","","","","","","","","","","","","","","","","","","","","","","","2025-06-13 02:28:40 UTC","2025-06-13 02:28:42 UTC","2025-06-13 02:28:44 UTC","","","","","","","","","","","","","","","","","","","","","","","","","",,,"","","filter","","",,""
"5a71caf2060900bd376733a6c7a646df","2025-06-13 02:28:46 UTC",5934985383,1669,"prime_long","2025-06-13 02:41:28 UTC","6","used","SUV / crossover",3,"icev, phev, bev","no","yes","","","",,,,,,,"",,"","","","","","","","","","","","","","","","","","","","",,"","","","","","","","",,,"","","","","",,,,"",,,,"","2025-06-13 02:28:50 UTC","2025-06-13 02:28:51 UTC","2025-06-13 02:28:52 UTC","2025-06-13 02:29:02 UTC","2025-06-13 02:29:06 UTC","2025-06-13 02:29:51 UTC","2025-06-13 02:29:52 UTC","","","","","","","","","","",,"","","","","","","","","","","","","","","","","","","","",,"","","","","","","","","","","","","","","","","","","","","","","","2025-06-13 02:28:46 UTC","2025-06-13 02:28:48 UTC","2025-06-13 02:28:49 UTC","2025-06-13 02:28:54 UTC","2025-06-13 02:29:53 UTC","","","","","","","","","","","","","","","","","","","","","","","",,,"","","primary_veh","","",,""
"bad4a4836fd1f8e9b18e865c63795d22","2025-06-13 15:58:25 UTC",6471749930,2777,"prime_long","2025-06-13 15:58:51 UTC","not_sure","both","truck",,"","","","","","",,,,,,,"",,"","","","","","","","","","","","","","","","","","","","",,"","","","","","","","",,,"","","","","",,,,"",,,,"","2025-06-13 15:58:47 UTC","2025-06-13 15:58:47 UTC","2025-06-13 15:58:48 UTC","","","","","","","","","","","","","","",,"","","","","","","","","","","","","","","","","","","","",,"","","","","","","","","","","","","","","","","","","","","","","","2025-06-13 15:58:25 UTC","2025-06-13 15:58:42 UTC","2025-06-13 15:58:44 UTC","","","","","","","","","","","","","","","","","","","","","","","","","",,,"","2025-06-13 15:58:49 UTC","screenout","","",,""
"84f3fe00a20a6c1f1e2623c6232ce765","2025-06-13 15:58:28 UTC",6528388924,2777,"prime_short","2025-06-13 15:58:39 UTC","","","",,"","","","","","",,,,,,,"",,"","","","","","","","","","","","","","","","","","","","",,"","","","","","","","",,,"","","","","",,,,"",,,,"","","","","","","","","","","","","","","","","","",,"","","","","","","","","","","","","","","","","","","","",,"","","","","","","","","","","","","","","","","","","","","","","","2025-06-13 15:58:28 UTC","","","","","","","","","","","","","","","","","","","","","","","","","","","",,,"","","","","",,""
"e5c5848669930160890ea00ae700ddf5","2025-06-13 15:58:51 UTC",5191833274,2777,"prime_short","2025-06-13 16:16:43 UTC","6","used","Car / sedan / hatchback",3,"hev, bev","yes","yes","icev","used","received_gift",,,,8,275,30000,"finance",,"somewhat_unlikely","somewhat_unlikely","very_unlikely","very_unlikely","","7_new_car_hatchback_compact_luxury","","option_3","option_3","option_1","option_3","option_1","option_2","option_3","option_3","option_2","option_3","option_1","option_1","option_3",,"not_at_all","slightly","moderately","very","phev","phev","no","",5000,1994,"Transgender","No","pacific_islander","5","full_time",50000,3,5,"3",2,3,2,"fuiera","2025-06-13 15:59:01 UTC","2025-06-13 15:59:02 UTC","2025-06-13 15:59:03 UTC","2025-06-13 15:59:45 UTC","2025-06-13 15:59:50 UTC","2025-06-13 15:59:53 UTC","2025-06-13 16:00:00 UTC","2025-06-13 16:00:38 UTC","2025-06-13 16:00:11 UTC","2025-06-13 16:00:13 UTC","","","","2025-06-13 16:00:45 UTC","2025-06-13 16:00:52 UTC","2025-06-13 16:01:05 UTC","2025-06-13 16:03:19 UTC",,"2025-06-13 16:03:28 UTC","2025-06-13 16:03:28 UTC","2025-06-13 16:03:29 UTC","2025-06-13 16:03:29 UTC","","2025-06-13 16:03:52 UTC","","2025-06-13 16:04:22 UTC","2025-06-13 16:04:29 UTC","2025-06-13 16:04:33 UTC","2025-06-13 16:04:40 UTC","2025-06-13 16:04:43 UTC","2025-06-13 16:04:45 UTC","2025-06-13 16:04:47 UTC","2025-06-13 16:06:34 UTC","2025-06-13 16:06:38 UTC","2025-06-13 16:06:39 UTC","2025-06-13 16:06:42 UTC","2025-06-13 16:06:46 UTC","2025-06-13 16:06:44 UTC",,"2025-06-13 16:07:07 UTC","2025-06-13 16:07:08 UTC","2025-06-13 16:07:08 UTC","2025-06-13 16:07:09 UTC","2025-06-13 16:07:22 UTC","2025-06-13 16:07:23 UTC","2025-06-13 16:07:24 UTC","","2025-06-13 16:07:24 UTC","2025-06-13 16:07:32 UTC","2025-06-13 16:07:34 UTC","2025-06-13 16:07:42 UTC","2025-06-13 16:07:42 UTC","2025-06-13 16:07:43 UTC","2025-06-13 16:07:44 UTC","2025-06-13 16:07:45 UTC","2025-06-13 16:07:46 UTC","2025-06-13 16:07:47 UTC","2025-06-13 16:07:48 UTC","2025-06-13 16:07:49 UTC","2025-06-13 16:07:50 UTC","2025-06-13 16:07:51 UTC","2025-06-13 16:07:55 UTC","2025-06-13 15:58:51 UTC","2025-06-13 15:58:53 UTC","2025-06-13 15:58:59 UTC","2025-06-13 15:59:04 UTC","2025-06-13 16:00:01 UTC","2025-06-13 16:00:53 UTC","2025-06-13 16:03:30 UTC","2025-06-13 16:03:36 UTC","","2025-06-13 16:03:53 UTC","2025-06-13 16:04:05 UTC","2025-06-13 16:04:22 UTC","2025-06-13 16:04:29 UTC","2025-06-13 16:04:34 UTC","2025-06-13 16:04:40 UTC","2025-06-13 16:04:44 UTC","2025-06-13 16:04:45 UTC","2025-06-13 16:04:48 UTC","","2025-06-13 16:05:08 UTC","2025-06-13 16:06:13 UTC","2025-06-13 16:06:35 UTC","2025-06-13 16:06:38 UTC","2025-06-13 16:06:40 UTC","2025-06-13 16:06:42 UTC","2025-06-13 16:06:44 UTC","2025-06-13 16:06:45 UTC","2025-06-13 16:06:47 UTC",,,"2025-06-13 16:07:56 UTC","","end","2025-06-13 16:07:10 UTC","2025-06-13 16:07:25 UTC",45,"2025-06-13 16:00:29 UTC"
"461e99e8a4118519ed3888a7741fada2","2025-06-13 16:17:08 UTC",4736508350,3789,"prime_short","2025-06-13 16:26:39 UTC","","","",,"","","","","","",,,,,,,"",,"","","","","","","","","","","","","","","","","","","","",,"","","","","","","","",,,"","","","","",,,,"",,,,"","","","","","","","","","","","","","","","","","",,"","","","","","","","","","","","","","","","","","","","",,"","","","","","","","","","","","","","","","","","","","","","","","2025-06-13 16:17:08 UTC","","","","","","","","","","","","","","","","","","","","","","","","","","","",,,"","","","","",,""
"0a496128480c4b34e5b64618c1f3f18a","2025-06-13 16:17:12 UTC",6881078638,3789,"prime_long","2025-06-13 16:17:22 UTC","12","used","van",,"","","","","","",,,,,,,"",,"","","","","","","","","","","","","","","","","","","","",,"","","","","","","","",,,"","","","","",,,,"",,,,"","2025-06-13 16:17:17 UTC","2025-06-13 16:17:18 UTC","2025-06-13 16:17:19 UTC","","","","","","","","","","","","","","",,"","","","","","","","","","","","","","","","","","","","",,"","","","","","","","","","","","","","","","","","","","","","","","2025-06-13 16:17:12 UTC","2025-06-13 16:17:13 UTC","2025-06-13 16:17:14 UTC","","","","","","","","","","","","","","","","","","","","","","","","","",,,"","2025-06-13 16:17:20 UTC","screenout","","",,""
"6647020b6a260f18a3c2106f1536d049","2025-06-13 16:17:22 UTC",6972734000,3789,"prime_short","2025-06-13 16:26:39 UTC","12","used","SUV / crossover",3,"hev, bev","no","yes","phev","used","bought_dealership",37500,550,,8,275,40000,"finance",,"very_unlikely","very_unlikely","very_unlikely","very_unlikely","","4_new_car_sedan_fullsize","","option_2","option_2","option_3","option_1","option_2","option_3","option_1","option_3","option_2","option_1","option_3","option_3","option_2",,"","","","","","","","",,,"","","","","",,,,"",,,,"","2025-06-13 16:17:34 UTC","2025-06-13 16:17:36 UTC","2025-06-13 16:17:36 UTC","2025-06-13 16:18:36 UTC","2025-06-13 16:18:43 UTC","2025-06-13 16:19:05 UTC","2025-06-13 16:19:06 UTC","2025-06-13 16:19:22 UTC","2025-06-13 16:19:47 UTC","2025-06-13 16:20:06 UTC","2025-06-13 16:20:35 UTC","2025-06-13 16:20:55 UTC","","2025-06-13 16:21:09 UTC","2025-06-13 16:21:14 UTC","2025-06-13 16:21:32 UTC","2025-06-13 16:21:34 UTC",,"2025-06-13 16:22:00 UTC","2025-06-13 16:22:02 UTC","2025-06-13 16:22:03 UTC","2025-06-13 16:22:03 UTC","","2025-06-13 16:24:59 UTC","","2025-06-13 16:25:45 UTC","2025-06-13 16:25:54 UTC","2025-06-13 16:25:56 UTC","2025-06-13 16:25:57 UTC","2025-06-13 16:25:59 UTC","2025-06-13 16:26:00 UTC","2025-06-13 16:26:02 UTC","2025-06-13 16:26:16 UTC","2025-06-13 16:26:18 UTC","2025-06-13 16:26:22 UTC","2025-06-13 16:26:24 UTC","2025-06-13 16:26:29 UTC","2025-06-13 16:26:28 UTC",,"","","","","","","","","","","","","","","","","","","","","","","","2025-06-13 16:17:22 UTC","2025-06-13 16:17:25 UTC","2025-06-13 16:17:33 UTC","2025-06-13 16:17:39 UTC","2025-06-13 16:19:07 UTC","2025-06-13 16:21:22 UTC","2025-06-13 16:22:04 UTC","2025-06-13 16:22:18 UTC","","2025-06-13 16:25:00 UTC","2025-06-13 16:25:34 UTC","2025-06-13 16:25:46 UTC","2025-06-13 16:25:55 UTC","2025-06-13 16:25:57 UTC","2025-06-13 16:25:58 UTC","2025-06-13 16:25:59 UTC","2025-06-13 16:26:01 UTC","2025-06-13 16:26:03 UTC","","2025-06-13 16:26:05 UTC","2025-06-13 16:26:13 UTC","2025-06-13 16:26:17 UTC","2025-06-13 16:26:19 UTC","2025-06-13 16:26:23 UTC","2025-06-13 16:26:25 UTC","2025-06-13 16:26:27 UTC","2025-06-13 16:26:28 UTC","2025-06-13 16:26:30 UTC",,,"","","battery_attribute_rank","","",35,"2025-06-13 16:21:04 UTC"
"3ec0370081fc3e02fd48978246161941","2025-06-13 16:29:18 UTC",3029282650,1651,"prime_short","2025-06-13 16:56:55 UTC","","","",,"","","","","","",,,,,,,"",,"","","","","","","","","","","","","","","","","","","","",,"","","","","","","","",,,"","","","","",,,,"",,,,"","","","","","","","","","","","","","","","","","",,"","","","","","","","","","","","","","","","","","","","",,"","","","","","","","","","","","","","","","","","","","","","","","2025-06-13 16:29:18 UTC","2025-06-13 16:29:42 UTC","2025-06-13 16:35:13 UTC","","","","","","","","","","","","","","","","","","","","","","","","","",,,"","","filter","","",,""
"09b84beebe06c1672629e6fd05b920aa","2025-06-13 16:29:45 UTC",9598234408,1651,"prime_long","2025-06-13 16:56:55 UTC","6","used","Car / sedan / hatchback",3,"phev, bev","yes","yes","hev","new","bought_private",55000,450,,8,225,35000,"pay_full",,"very_unlikely","very_unlikely","very_unlikely","very_unlikely","","8_new_car_sedan_midsize","","option_2","option_2","option_3","option_1","option_3","option_2","option_1","option_3","option_1","option_2","option_3","option_3","option_2",,"not_at_all","slightly","moderately","very","","","","",,,"","","","","",,,,"",,,,"","2025-06-13 16:29:53 UTC","2025-06-13 16:29:54 UTC","2025-06-13 16:29:56 UTC","2025-06-13 16:35:54 UTC","2025-06-13 16:35:56 UTC","2025-06-13 16:35:57 UTC","2025-06-13 16:35:58 UTC","2025-06-13 16:36:09 UTC","2025-06-13 16:36:23 UTC","2025-06-13 16:36:28 UTC","2025-06-13 16:44:23 UTC","2025-06-13 16:44:32 UTC","","2025-06-13 16:44:49 UTC","2025-06-13 16:53:33 UTC","2025-06-13 16:53:37 UTC","2025-06-13 16:53:38 UTC",,"2025-06-13 16:53:40 UTC","2025-06-13 16:53:41 UTC","2025-06-13 16:53:41 UTC","2025-06-13 16:53:42 UTC","","2025-06-13 16:53:57 UTC","","2025-06-13 16:54:54 UTC","2025-06-13 16:55:42 UTC","2025-06-13 16:55:44 UTC","2025-06-13 16:55:45 UTC","2025-06-13 16:55:48 UTC","2025-06-13 16:55:50 UTC","2025-06-13 16:55:51 UTC","2025-06-13 16:56:18 UTC","2025-06-13 16:56:19 UTC","2025-06-13 16:56:23 UTC","2025-06-13 16:56:24 UTC","2025-06-13 16:56:30 UTC","2025-06-13 16:56:29 UTC",,"2025-06-13 16:56:34 UTC","2025-06-13 16:56:35 UTC","2025-06-13 16:56:35 UTC","2025-06-13 16:56:36 UTC","","","","","","","","","","","","","","","","","","","","2025-06-13 16:29:45 UTC","2025-06-13 16:29:46 UTC","2025-06-13 16:29:48 UTC","2025-06-13 16:29:57 UTC","2025-06-13 16:35:59 UTC","2025-06-13 16:53:35 UTC","2025-06-13 16:53:44 UTC","2025-06-13 16:53:53 UTC","","2025-06-13 16:53:58 UTC","2025-06-13 16:54:01 UTC","2025-06-13 16:54:55 UTC","2025-06-13 16:55:43 UTC","2025-06-13 16:55:45 UTC","2025-06-13 16:55:46 UTC","2025-06-13 16:55:49 UTC","2025-06-13 16:55:50 UTC","","2025-06-13 16:55:54 UTC","2025-06-13 16:56:08 UTC","2025-06-13 16:56:10 UTC","2025-06-13 16:56:18 UTC","2025-06-13 16:56:23 UTC","2025-06-13 16:56:24 UTC","2025-06-13 16:56:25 UTC","2025-06-13 16:56:27 UTC","2025-06-13 16:56:29 UTC","2025-06-13 16:56:31 UTC",,,"","","ev_knowledge","2025-06-13 16:56:37 UTC","",45,"2025-06-13 16:44:43 UTC"
"f94fe1f8d5a96e07edd937229f86a0d0","2025-06-13 16:59:01 UTC",2276202152,2687,"prime_short","2025-06-13 17:06:09 UTC","","","",,"","","","","","",,,,,,,"",,"","","","","","","","","","","","","","","","","","","","",,"","","","","","","","",,,"","","","","",,,,"",,,,"","","","","","","","","","","","","","","","","","",,"","","","","","","","","","","","","","","","","","","","",,"","","","","","","","","","","","","","","","","","","","","","","","2025-06-13 16:59:01 UTC","2025-06-13 17:00:42 UTC","","","","","","","","","","","","","","","","","","","","","","","","","","",,,"","","consent","","",,""
"45ea9a0ac1f9ebc72ccc4963a2108d4e","2025-06-13 16:59:14 UTC",3581772144,2687,"prime_short","2025-06-13 17:06:09 UTC","12","used","SUV / crossover",3,"hev, bev","yes","yes","","","",,,,,,,"",,"","","","","","","","","","","","","","","","","","","","",,"","","","","","","","",,,"","","","","",,,,"",,,,"","2025-06-13 16:59:22 UTC","2025-06-13 16:59:24 UTC","2025-06-13 16:59:23 UTC","2025-06-13 16:59:26 UTC","2025-06-13 16:59:28 UTC","2025-06-13 16:59:32 UTC","2025-06-13 16:59:33 UTC","","","","","","","","","","",,"","","","","","","","","","","","","","","","","","","","",,"","","","","","","","","","","","","","","","","","","","","","","","2025-06-13 16:59:14 UTC","2025-06-13 16:59:18 UTC","2025-06-13 16:59:20 UTC","2025-06-13 16:59:24 UTC","","","","","","","","","","","","","","","","","","","","","","","","",,,"","","household_veh","","",,""
"f07ecc85445994c30e2c98509fbba6d2","2025-06-13 17:00:44 UTC",3686829494,2687,"prime_short","2025-06-13 17:04:03 UTC","6","used","SUV / crossover",3,"hev","no","yes","phev","used","received_gift",,,,4,175,30000,"finance",,"very_unlikely","very_unlikely","very_unlikely","very_unlikely","dew","2_new_car_hatchback_subcompact","","option_1","option_2","option_2","option_3","option_2","option_1","option_3","option_2","option_3","option_1","option_2","option_1","option_2",,"","","","","","","","",,,"","","","","",,,,"",,,,"","2025-06-13 17:00:48 UTC","2025-06-13 17:00:48 UTC","2025-06-13 17:00:49 UTC","2025-06-13 17:00:51 UTC","2025-06-13 17:00:51 UTC","2025-06-13 17:00:52 UTC","2025-06-13 17:00:53 UTC","2025-06-13 17:00:55 UTC","2025-06-13 17:00:55 UTC","2025-06-13 17:00:56 UTC","","","","2025-06-13 17:00:58 UTC","2025-06-13 17:00:59 UTC","2025-06-13 17:01:02 UTC","2025-06-13 17:01:04 UTC",,"2025-06-13 17:01:06 UTC","2025-06-13 17:01:06 UTC","2025-06-13 17:01:08 UTC","2025-06-13 17:01:08 UTC","2025-06-13 17:01:11 UTC","2025-06-13 17:01:12 UTC","","2025-06-13 17:01:50 UTC","2025-06-13 17:03:15 UTC","2025-06-13 17:03:21 UTC","2025-06-13 17:03:25 UTC","2025-06-13 17:03:31 UTC","2025-06-13 17:03:37 UTC","2025-06-13 17:03:40 UTC","2025-06-13 17:03:49 UTC","2025-06-13 17:03:50 UTC","2025-06-13 17:03:51 UTC","2025-06-13 17:03:52 UTC","2025-06-13 17:03:57 UTC","2025-06-13 17:03:55 UTC",,"","","","","","","","","","","","","","","","","","","","","","","","2025-06-13 17:00:44 UTC","2025-06-13 17:00:45 UTC","2025-06-13 17:00:46 UTC","2025-06-13 17:00:49 UTC","2025-06-13 17:00:53 UTC","2025-06-13 17:01:00 UTC","2025-06-13 17:01:09 UTC","2025-06-13 17:01:12 UTC","","2025-06-13 17:01:14 UTC","2025-06-13 17:01:28 UTC","2025-06-13 17:01:52 UTC","2025-06-13 17:03:15 UTC","2025-06-13 17:03:21 UTC","2025-06-13 17:03:26 UTC","2025-06-13 17:03:33 UTC","2025-06-13 17:03:37 UTC","2025-06-13 17:03:42 UTC","","2025-06-13 17:03:44 UTC","2025-06-13 17:03:47 UTC","2025-06-13 17:03:49 UTC","2025-06-13 17:03:50 UTC","2025-06-13 17:03:52 UTC","2025-06-13 17:03:53 UTC","2025-06-13 17:03:54 UTC","2025-06-13 17:03:55 UTC","2025-06-13 17:03:58 UTC",,,"","","battery_attribute_rank","","",25,"2025-06-13 17:00:57 UTC"
"11ceb7f9086013e55c4bd1284ba601e9","2025-06-13 17:04:03 UTC",2771200077,1033,"prime_short","2025-06-13 17:05:04 UTC","12","used","Car / sedan / hatchback",3,"bev","not_sure","no","phev","used","bought_private",7500,450,,4,225,20000,"finance",,"very_unlikely","very_unlikely","very_unlikely","very_unlikely","r43","5_new_car_sedan_fullsize_luxury","","option_2","option_1","option_2","option_3","option_1","option_2","option_3","","","","","","",,"","","","","","","","",,,"","","","","",,,,"",,,,"","2025-06-13 17:04:07 UTC","2025-06-13 17:04:08 UTC","2025-06-13 17:04:09 UTC","2025-06-13 17:04:11 UTC","2025-06-13 17:04:12 UTC","2025-06-13 17:04:13 UTC","2025-06-13 17:04:14 UTC","2025-06-13 17:04:15 UTC","2025-06-13 17:04:16 UTC","2025-06-13 17:04:17 UTC","2025-06-13 17:04:18 UTC","2025-06-13 17:04:19 UTC","","2025-06-13 17:04:20 UTC","2025-06-13 17:04:21 UTC","2025-06-13 17:04:23 UTC","2025-06-13 17:04:24 UTC",,"2025-06-13 17:04:25 UTC","2025-06-13 17:04:25 UTC","2025-06-13 17:04:26 UTC","2025-06-13 17:04:27 UTC","2025-06-13 17:04:30 UTC","2025-06-13 17:04:32 UTC","","2025-06-13 17:04:36 UTC","2025-06-13 17:04:37 UTC","2025-06-13 17:04:39 UTC","2025-06-13 17:04:44 UTC","2025-06-13 17:04:46 UTC","2025-06-13 17:04:54 UTC","2025-06-13 17:04:56 UTC","","","","","","",,"","","","","","","","","","","","","","","","","","","","","","","","2025-06-13 17:04:03 UTC","2025-06-13 17:04:05 UTC","2025-06-13 17:04:06 UTC","2025-06-13 17:04:10 UTC","2025-06-13 17:04:14 UTC","2025-06-13 17:04:22 UTC","2025-06-13 17:04:28 UTC","2025-06-13 17:04:30 UTC","","2025-06-13 17:04:33 UTC","2025-06-13 17:04:34 UTC","2025-06-13 17:04:37 UTC","2025-06-13 17:04:38 UTC","2025-06-13 17:04:43 UTC","2025-06-13 17:04:45 UTC","2025-06-13 17:04:49 UTC","2025-06-13 17:04:55 UTC","2025-06-13 17:04:56 UTC","","2025-06-13 17:04:59 UTC","2025-06-13 17:05:00 UTC","","","","","","","",,,"","","battery_cbc_demo","","",45,"2025-06-13 17:04:20 UTC"
"110d504cc9e50276772c438d0c54fbe1","2025-06-13 17:08:06 UTC",7347067962,1121,"prime_short","2025-06-13 17:11:24 UTC","","","",,"","","","","","",,,,,,,"",,"","","","","","","","","","","","","","","","","","","","",,"","","","","","","","",,,"","","","","",,,,"",,,,"","","","","","","","","","","","","","","","","","",,"","","","","","","","","","","","","","","","","","","","",,"","","","","","","","","","","","","","","","","","","","","","","","2025-06-13 17:08:06 UTC","","","","","","","","","","","","","","","","","","","","","","","","","","","",,,"","","","","",,""
"9ddd0543dcbfe8908647e6cae501be3e","2025-06-13 17:08:09 UTC",2940586667,1121,"prime_long","2025-06-13 17:11:24 UTC","12","used","SUV / crossover",4,"bev","not_sure","no","phev","new","bought_dealership",12000,650,,24,125,35000,"finance",,"very_unlikely","somewhat_unlikely","nuetral","somewhat_likely","","","","","","","","","","","","","","","","",,"","","","","","","","",,,"","","","","",,,,"",,,,"","2025-06-13 17:08:13 UTC","2025-06-13 17:08:14 UTC","2025-06-13 17:08:15 UTC","2025-06-13 17:08:17 UTC","2025-06-13 17:08:18 UTC","2025-06-13 17:08:18 UTC","2025-06-13 17:08:19 UTC","2025-06-13 17:08:21 UTC","2025-06-13 17:08:22 UTC","2025-06-13 17:08:23 UTC","2025-06-13 17:08:24 UTC","2025-06-13 17:08:25 UTC","","2025-06-13 17:08:27 UTC","2025-06-13 17:08:28 UTC","2025-06-13 17:08:30 UTC","2025-06-13 17:08:31 UTC",,"2025-06-13 17:08:37 UTC","2025-06-13 17:08:38 UTC","2025-06-13 17:08:38 UTC","2025-06-13 17:08:39 UTC","","","","","","","","","","","","","","","","",,"","","","","","","","","","","","","","","","","","","","","","","","2025-06-13 17:08:09 UTC","2025-06-13 17:08:11 UTC","2025-06-13 17:08:12 UTC","2025-06-13 17:08:15 UTC","2025-06-13 17:08:20 UTC","2025-06-13 17:08:29 UTC","2025-06-13 17:08:40 UTC","","","","","","","","","","","","","","","","","","","","","",,,"","","next_veh_info_nobev","","",55,"2025-06-13 17:08:26 UTC"
"0f956e8c2b191d75850bc4c199c63e48","2025-06-13 17:11:39 UTC",8548318506,422,"prime_short","2025-06-13 17:13:01 UTC","","","",,"","","","","","",,,,,,,"",,"","","","","","","","","","","","","","","","","","","","",,"","","","","","","","",,,"","","","","",,,,"",,,,"","","","","","","","","","","","","","","","","","",,"","","","","","","","","","","","","","","","","","","","",,"","","","","","","","","","","","","","","","","","","","","","","","2025-06-13 17:11:39 UTC","","","","","","","","","","","","","","","","","","","","","","","","","","","",,,"","","","","",,""
"ed9c9f6883da2ec535cd0891489ebe45","2025-06-13 17:11:42 UTC",1449052135,422,"prime_short","2025-06-13 17:14:27 UTC","6","used","SUV / crossover",3,"hev, bev","not_sure","no","hev","new","bought_private",12000,650,,8,275,30000,"finance",,"very_unlikely","very_unlikely","nuetral","nuetral","","","","","","","","","","","","","","","","",,"","","","","","","","",,,"","","","","",,,,"",,,,"","2025-06-13 17:11:46 UTC","2025-06-13 17:11:47 UTC","2025-06-13 17:11:48 UTC","2025-06-13 17:11:50 UTC","2025-06-13 17:11:53 UTC","2025-06-13 17:11:58 UTC","2025-06-13 17:11:58 UTC","2025-06-13 17:12:00 UTC","2025-06-13 17:12:01 UTC","2025-06-13 17:12:01 UTC","2025-06-13 17:12:02 UTC","2025-06-13 17:12:03 UTC","","2025-06-13 17:12:04 UTC","2025-06-13 17:12:04 UTC","2025-06-13 17:12:06 UTC","2025-06-13 17:12:07 UTC",,"2025-06-13 17:12:08 UTC","2025-06-13 17:12:08 UTC","2025-06-13 17:12:12 UTC","2025-06-13 17:12:13 UTC","","","","","","","","","","","","","","","","",,"","","","","","","","","","","","","","","","","","","","","","","","2025-06-13 17:11:42 UTC","2025-06-13 17:11:43 UTC","2025-06-13 17:11:45 UTC","2025-06-13 17:11:49 UTC","2025-06-13 17:11:59 UTC","2025-06-13 17:12:05 UTC","2025-06-13 17:12:17 UTC","","","","","","","","","","","","","","","","","","","","","",,,"","","next_veh_info_nobev","","",35,"2025-06-13 17:12:03 UTC"
"2593369b01d55ef608289c875175839d","2025-06-13 17:13:01 UTC",2796016309,238,"prime_long","2025-06-13 17:14:26 UTC","","","",,"","","","","","",,,,,,,"",,"","","","","","","","","","","","","","","","","","","","",,"","","","","","","","",,,"","","","","",,,,"",,,,"","","","","","","","","","","","","","","","","","",,"","","","","","","","","","","","","","","","","","","","",,"","","","","","","","","","","","","","","","","","","","","","","","2025-06-13 17:13:01 UTC","","","","","","","","","","","","","","","","","","","","","","","","","","","",,,"","","","","",,""
"e777379774a8b45b4422af6850ab1cdc","2025-06-13 17:13:04 UTC",5685891767,238,"prime_long","2025-06-13 17:14:27 UTC","3","used","Car / sedan / hatchback",4,"phev","no","no","phev","new","received_gift",,,,12,75,35000,"finance",,"very_unlikely","somewhat_likely","nuetral","somewhat_likely","","2_new_car_hatchback_subcompact","","option_2","option_3","option_1","option_2","option_3","option_2","option_1","option_2","option_3","option_2","option_3","","",,"","","","","","","","",,,"","","","","",,,,"",,,,"","2025-06-13 17:13:08 UTC","2025-06-13 17:13:08 UTC","2025-06-13 17:13:10 UTC","2025-06-13 17:13:12 UTC","2025-06-13 17:13:13 UTC","2025-06-13 17:13:13 UTC","2025-06-13 17:13:14 UTC","2025-06-13 17:13:16 UTC","2025-06-13 17:13:16 UTC","2025-06-13 17:13:17 UTC","","","","2025-06-13 17:13:18 UTC","2025-06-13 17:13:19 UTC","2025-06-13 17:13:21 UTC","2025-06-13 17:13:22 UTC",,"2025-06-13 17:13:25 UTC","2025-06-13 17:13:27 UTC","2025-06-13 17:13:26 UTC","2025-06-13 17:13:27 UTC","","2025-06-13 17:13:32 UTC","","2025-06-13 17:13:36 UTC","2025-06-13 17:13:38 UTC","2025-06-13 17:13:39 UTC","2025-06-13 17:13:41 UTC","2025-06-13 17:13:42 UTC","2025-06-13 17:13:43 UTC","2025-06-13 17:13:45 UTC","2025-06-13 17:13:58 UTC","2025-06-13 17:14:01 UTC","2025-06-13 17:14:08 UTC","2025-06-13 17:14:12 UTC","","",,"","","","","","","","","","","","","","","","","","","","","","","","2025-06-13 17:13:04 UTC","2025-06-13 17:13:05 UTC","2025-06-13 17:13:07 UTC","2025-06-13 17:13:10 UTC","2025-06-13 17:13:14 UTC","2025-06-13 17:13:20 UTC","","2025-06-13 17:13:28 UTC","","2025-06-13 17:13:34 UTC","2025-06-13 17:13:35 UTC","2025-06-13 17:13:37 UTC","2025-06-13 17:13:39 UTC","2025-06-13 17:13:40 UTC","2025-06-13 17:13:42 UTC","2025-06-13 17:13:43 UTC","2025-06-13 17:13:44 UTC","","2025-06-13 17:13:46 UTC","2025-06-13 17:13:54 UTC","2025-06-13 17:13:57 UTC","2025-06-13 17:14:00 UTC","2025-06-13 17:14:02 UTC","2025-06-13 17:14:09 UTC","2025-06-13 17:14:13 UTC","","","",,,"","","battery_pageQ4_button","","",45,"2025-06-13 17:13:18 UTC"
"7cba738d9d4ed6cb04162b52a125691a","2025-06-13 17:14:54 UTC",4160159055,2009,"prime_short","2025-06-13 17:20:18 UTC","","","",,"","","","","","",,,,,,,"",,"","","","","","","","","","","","","","","","","","","","",,"","","","","","","","",,,"","","","","",,,,"",,,,"","","","","","","","","","","","","","","","","","",,"","","","","","","","","","","","","","","","","","","","",,"","","","","","","","","","","","","","","","","","","","","","","","2025-06-13 17:14:54 UTC","","","","","","","","","","","","","","","","","","","","","","","","","","","",,,"","","","","",,""
"836a0b616da619a713ec45ecfd86752f","2025-06-13 17:14:56 UTC",6276309280,2009,"prime_short","2025-06-13 17:20:18 UTC","3","used","SUV / crossover",2,"phev","yes","yes","bev","new","leased_dealership",7500,550,,8,175,45000,"finance",,"very_unlikely","somewhat_unlikely","very_unlikely","very_unlikely","fre","8_new_car_sedan_midsize","","option_2","option_3","option_2","option_1","option_3","option_2","option_1","option_3","option_2","option_3","option_1","option_1","option_3",,"","","","","","","","",,,"","","","","",,,,"",,,,"","2025-06-13 17:15:01 UTC","2025-06-13 17:15:00 UTC","2025-06-13 17:15:02 UTC","2025-06-13 17:15:04 UTC","2025-06-13 17:15:04 UTC","2025-06-13 17:15:05 UTC","2025-06-13 17:15:06 UTC","2025-06-13 17:15:09 UTC","2025-06-13 17:15:08 UTC","2025-06-13 17:15:08 UTC","2025-06-13 17:15:10 UTC","2025-06-13 17:15:11 UTC","","2025-06-13 17:15:12 UTC","2025-06-13 17:15:12 UTC","2025-06-13 17:15:14 UTC","2025-06-13 17:15:15 UTC",,"2025-06-13 17:15:16 UTC","2025-06-13 17:15:16 UTC","2025-06-13 17:15:17 UTC","2025-06-13 17:15:18 UTC","2025-06-13 17:15:20 UTC","2025-06-13 17:15:22 UTC","","2025-06-13 17:18:14 UTC","2025-06-13 17:18:17 UTC","2025-06-13 17:18:19 UTC","2025-06-13 17:18:20 UTC","2025-06-13 17:18:22 UTC","2025-06-13 17:18:23 UTC","2025-06-13 17:18:24 UTC","2025-06-13 17:18:38 UTC","2025-06-13 17:18:40 UTC","2025-06-13 17:18:42 UTC","2025-06-13 17:18:44 UTC","2025-06-13 17:18:49 UTC","2025-06-13 17:18:47 UTC",,"","","","","","","","","","","","","","","","","","","","","","","","2025-06-13 17:14:56 UTC","2025-06-13 17:14:57 UTC","2025-06-13 17:14:58 UTC","2025-06-13 17:15:03 UTC","2025-06-13 17:15:06 UTC","2025-06-13 17:15:13 UTC","2025-06-13 17:15:18 UTC","2025-06-13 17:15:20 UTC","","2025-06-13 17:15:23 UTC","2025-06-13 17:18:08 UTC","2025-06-13 17:18:15 UTC","2025-06-13 17:18:18 UTC","2025-06-13 17:18:19 UTC","2025-06-13 17:18:20 UTC","2025-06-13 17:18:22 UTC","2025-06-13 17:18:24 UTC","2025-06-13 17:18:25 UTC","","2025-06-13 17:18:26 UTC","2025-06-13 17:18:28 UTC","2025-06-13 17:18:38 UTC","2025-06-13 17:18:41 UTC","2025-06-13 17:18:43 UTC","2025-06-13 17:18:45 UTC","2025-06-13 17:18:46 UTC","2025-06-13 17:18:48 UTC","2025-06-13 17:18:50 UTC",,,"","","battery_attribute_rank","","",,""
"448e2104b7476859397e4ef52d42c84e","2025-06-13 17:25:11 UTC",2500982327,2932,"prime_short","2025-06-13 17:26:26 UTC","","","",,"","","","","","",,,,,,,"",,"","","","","","","","","","","","","","","","","","","","",,"","","","","","","","",,,"","","","","",,,,"",,,,"","","","","","","","","","","","","","","","","","",,"","","","","","","","","","","","","","","","","","","","",,"","","","","","","","","","","","","","","","","","","","","","","","2025-06-13 17:25:11 UTC","2025-06-13 17:25:13 UTC","2025-06-13 17:25:14 UTC","","","","","","","","","","","","","","","","","","","","","","","","","",,,"","","filter","","",,""
"7c5be15374e7ef263bd11a9e3142a77d","2025-06-13 17:25:16 UTC",3290423601,2932,"prime_long","2025-06-13 17:25:51 UTC","6","used","SUV / crossover",2,"phev","no","yes","bev","used","received_gift",,,,8,175,25000,"pay_full",,"very_unlikely","very_unlikely","somewhat_likely","somewhat_likely","","1_new_car_sedan_compact","","option_3","","","","","","","","","","","","",,"","","","","","","","",,,"","","","","",,,,"",,,,"","2025-06-13 17:25:20 UTC","2025-06-13 17:25:20 UTC","2025-06-13 17:25:22 UTC","2025-06-13 17:25:24 UTC","2025-06-13 17:25:25 UTC","2025-06-13 17:25:25 UTC","2025-06-13 17:25:26 UTC","2025-06-13 17:25:28 UTC","2025-06-13 17:25:28 UTC","2025-06-13 17:25:29 UTC","","","","2025-06-13 17:25:30 UTC","2025-06-13 17:25:30 UTC","2025-06-13 17:25:33 UTC","2025-06-13 17:25:33 UTC",,"2025-06-13 17:25:35 UTC","2025-06-13 17:25:35 UTC","2025-06-13 17:25:38 UTC","2025-06-13 17:25:39 UTC","","2025-06-13 17:25:44 UTC","","2025-06-13 17:25:49 UTC","","","","","","","","","","","","",,"","","","","","","","","","","","","","","","","","","","","","","","2025-06-13 17:25:16 UTC","2025-06-13 17:25:17 UTC","2025-06-13 17:25:18 UTC","2025-06-13 17:25:22 UTC","2025-06-13 17:25:27 UTC","2025-06-13 17:25:32 UTC","","2025-06-13 17:25:39 UTC","","2025-06-13 17:25:45 UTC","2025-06-13 17:25:47 UTC","2025-06-13 17:25:50 UTC","","","","","","","","","","","","","","","","",,,"","","vehicle_pageQ1_button","","",,""
"f95c48890eb6d0c64bd2951d1ff8ebf3","2025-06-13 17:25:51 UTC",4193131794,2932,"prime_short","2025-06-13 17:26:23 UTC","6","used","SUV / crossover",0,"","not_sure","not_sure","","","",,,,,,35000,"pay_full",,"somewhat_likely","somewhat_likely","somewhat_likely","somewhat_likely","","","","","","","","","","","","","","","","",,"","","","","","","","",,,"","","","","",,,,"",,,,"","2025-06-13 17:25:55 UTC","2025-06-13 17:25:56 UTC","2025-06-13 17:25:57 UTC","2025-06-13 17:25:59 UTC","","2025-06-13 17:26:00 UTC","2025-06-13 17:26:00 UTC","","","","","","","","","2025-06-13 17:26:03 UTC","2025-06-13 17:26:03 UTC",,"2025-06-13 17:26:05 UTC","2025-06-13 17:26:06 UTC","2025-06-13 17:26:07 UTC","2025-06-13 17:26:07 UTC","","","","","","","","","","","","","","","","",,"","","","","","","","","","","","","","","","","","","","","","","","2025-06-13 17:25:51 UTC","2025-06-13 17:25:53 UTC","2025-06-13 17:25:54 UTC","2025-06-13 17:25:58 UTC","","2025-06-13 17:26:01 UTC","","2025-06-13 17:26:08 UTC","","","","","","","","","","","","","","","","","","","","",,,"","","next_veh_style_car","","",,""
"5e780838f5a78db1a854e7b54619e555","2025-06-13 17:26:29 UTC",6481910145,297,"prime_short","2025-06-13 17:33:57 UTC","","","",,"","","","","","",,,,,,,"",,"","","","","","","","","","","","","","","","","","","","",,"","","","","","","","",,,"","","","","",,,,"",,,,"","","","","","","","","","","","","","","","","","",,"","","","","","","","","","","","","","","","","","","","",,"","","","","","","","","","","","","","","","","","","","","","","","2025-06-13 17:26:29 UTC","2025-06-13 17:26:30 UTC","","","","","","","","","","","","","","","","","","","","","","","","","","",,,"","","consent","","",,""
"b8e26d06a64a4d74fac35624789da5a1","2025-06-13 17:26:32 UTC",7240015142,297,"prime_short","2025-06-13 17:26:42 UTC","12","used","SUV / crossover",,"","","","","","",,,,,,,"",,"","","","","","","","","","","","","","","","","","","","",,"","","","","","","","",,,"","","","","",,,,"",,,,"","2025-06-13 17:26:36 UTC","2025-06-13 17:26:36 UTC","2025-06-13 17:26:37 UTC","","","","","","","","","","","","","","",,"","","","","","","","","","","","","","","","","","","","",,"","","","","","","","","","","","","","","","","","","","","","","","2025-06-13 17:26:32 UTC","2025-06-13 17:26:33 UTC","2025-06-13 17:26:34 UTC","2025-06-13 17:26:38 UTC","","","","","","","","","","","","","","","","","","","","","","","","",,,"","","household_veh","","",,""
"be49f9df2c022a606dd3a10643a9e737","2025-06-13 17:26:42 UTC",2371529835,297,"prime_long","2025-06-13 17:32:24 UTC","12","used","Car / sedan / hatchback",0,"","no","no","","","",,,,,,20000,"pay_full",,"somewhat_likely","somewhat_likely","somewhat_likely","somewhat_likely","","","","","","","","","","","","","","","","",,"","","","","","","","",,,"","","","","",,,,"",,,,"","2025-06-13 17:26:46 UTC","2025-06-13 17:26:47 UTC","2025-06-13 17:26:49 UTC","2025-06-13 17:26:51 UTC","","2025-06-13 17:26:52 UTC","2025-06-13 17:26:52 UTC","","","","","","","","","2025-06-13 17:26:54 UTC","2025-06-13 17:26:55 UTC",,"2025-06-13 17:26:57 UTC","2025-06-13 17:26:58 UTC","2025-06-13 17:26:59 UTC","2025-06-13 17:27:00 UTC","","","","","","","","","","","","","","","","",,"","","","","","","","","","","","","","","","","","","","","","","","2025-06-13 17:26:42 UTC","2025-06-13 17:26:44 UTC","2025-06-13 17:26:45 UTC","2025-06-13 17:26:50 UTC","","2025-06-13 17:26:53 UTC","","2025-06-13 17:27:00 UTC","","","","","","","","","","","","","","","","","","","","",,,"","","next_veh_style_car","","",,""
"3dc09c99ebad654cb46c994bd50f64aa","2025-06-16 19:21:57 UTC",2931604747,365,"prime_short","2025-06-16 19:28:59 UTC","","","",,"","","","","","",,,,,,,"",,"","","","","","","","","","","","","","","","","","","","",,"","","","","","","","",,,"","","","","",,,,"",,,,"","","","","","","","","","","","","","","","","","",,"","","","","","","","","","","","","","","","","","","","",,"","","","","","","","","","","","","","","","","","","","","","","","2025-06-16 19:21:57 UTC","","","","","","","","","","","","","","","","","","","","","","","","","","","",,,"","","","","",,""
"bbd5d1e363fbfdfeec2e0243eff485a1","2025-06-16 19:21:58 UTC",8821862356,365,"prime_short","2025-06-16 19:28:59 UTC","6","used","Car / sedan / hatchback",1,"icev, phev, bev","no","no","hev","","",,,,,,,"",,"","","","","","","","","","","","","","","","","","","","",,"","","","","","","","",,,"","","","","",,,,"",,,,"","2025-06-16 19:22:08 UTC","2025-06-16 19:22:12 UTC","2025-06-16 19:22:14 UTC","2025-06-16 19:22:27 UTC","2025-06-16 19:23:37 UTC","2025-06-16 19:23:45 UTC","2025-06-16 19:23:47 UTC","2025-06-16 19:23:50 UTC","","","","","","","","","",,"","","","","","","","","","","","","","","","","","","","",,"","","","","","","","","","","","","","","","","","","","","","","","2025-06-16 19:21:58 UTC","2025-06-16 19:22:01 UTC","2025-06-16 19:22:03 UTC","2025-06-16 19:22:15 UTC","2025-06-16 19:23:47 UTC","","","","","","","","","","","","","","","","","","","","","","","",,,"","","primary_veh","","",,""
"39ec1c777a27a321b3a5ebaabd4d6ae4","2025-06-16 19:29:04 UTC",7402482467,2187,"prime_short","2025-06-16 19:35:12 UTC","6","used","Car / sedan / hatchback",1,"hev","no","yes","","used","leased_dealership",22500,350,,2,225,35000,"finance",,"very_unlikely","very_unlikely","very_unlikely","very_unlikely","fre","1_new_car_sedan_compact","","option_2","option_3","option_1","option_2","option_3","option_1","option_2","","","","","","",,"","","","","","","","",,,"","","","","",,,,"",,,,"","2025-06-16 19:29:22 UTC","2025-06-16 19:29:23 UTC","2025-06-16 19:29:24 UTC","2025-06-16 19:29:28 UTC","2025-06-16 19:29:29 UTC","2025-06-16 19:29:30 UTC","2025-06-16 19:29:31 UTC","","2025-06-16 19:31:55 UTC","2025-06-16 19:31:56 UTC","2025-06-16 19:31:58 UTC","2025-06-16 19:32:07 UTC","","2025-06-16 19:31:59 UTC","2025-06-16 19:32:02 UTC","2025-06-16 19:32:11 UTC","2025-06-16 19:32:12 UTC",,"2025-06-16 19:32:15 UTC","2025-06-16 19:32:15 UTC","2025-06-16 19:32:16 UTC","2025-06-16 19:32:17 UTC","2025-06-16 19:32:23 UTC","2025-06-16 19:32:32 UTC","","2025-06-16 19:32:41 UTC","2025-06-16 19:32:43 UTC","2025-06-16 19:32:45 UTC","2025-06-16 19:32:46 UTC","2025-06-16 19:32:48 UTC","2025-06-16 19:32:49 UTC","2025-06-16 19:32:52 UTC","","","","","","",,"","","","","","","","","","","","","","","","","","","","","","","","2025-06-16 19:29:04 UTC","2025-06-16 19:29:07 UTC","2025-06-16 19:29:08 UTC","2025-06-16 19:29:25 UTC","2025-06-16 19:29:32 UTC","2025-06-16 19:32:08 UTC","2025-06-16 19:32:18 UTC","2025-06-16 19:32:23 UTC","","2025-06-16 19:32:33 UTC","2025-06-16 19:32:37 UTC","2025-06-16 19:32:42 UTC","2025-06-16 19:32:44 UTC","2025-06-16 19:32:45 UTC","2025-06-16 19:32:47 UTC","2025-06-16 19:32:49 UTC","2025-06-16 19:32:51 UTC","2025-06-16 19:32:53 UTC","","2025-06-16 19:32:56 UTC","2025-06-16 19:32:58 UTC","","","","","","","",,,"","","battery_cbc_demo","","",,""
"89636198870ab5dd1bf3d9b1c7319d28","2025-06-16 19:33:07 UTC",8960974389,2187,"prime_long","2025-06-16 19:35:07 UTC","6","used","Car / sedan / hatchback",1,"phev","no","yes","","used","bought_private",27500,550,,1,175,30000,"finance",,"very_unlikely","somewhat_unlikely","very_unlikely","nuetral","","9_new_car_hatchback_subcompact_luxury","","option_3","option_1","option_2","option_3","option_1","option_2","option_3","option_2","option_3","option_1","option_2","option_2","option_1",,"moderately","slightly","slightly","slightly","bev","hev","yes","fewa",7500,1935,"Gender_Nonconforming","No","white","3","not_looking_for_work",100000,7,5,"own",2,0,2,"re","2025-06-16 19:33:11 UTC","2025-06-16 19:33:11 UTC","2025-06-16 19:33:12 UTC","2025-06-16 19:33:14 UTC","2025-06-16 19:33:15 UTC","2025-06-16 19:33:16 UTC","2025-06-16 19:33:17 UTC","","2025-06-16 19:33:20 UTC","2025-06-16 19:33:20 UTC","2025-06-16 19:33:21 UTC","2025-06-16 19:33:22 UTC","","2025-06-16 19:33:23 UTC","2025-06-16 19:33:24 UTC","2025-06-16 19:33:26 UTC","2025-06-16 19:33:27 UTC",,"2025-06-16 19:33:31 UTC","2025-06-16 19:33:33 UTC","2025-06-16 19:33:33 UTC","2025-06-16 19:33:35 UTC","","2025-06-16 19:33:39 UTC","","2025-06-16 19:33:45 UTC","2025-06-16 19:33:46 UTC","2025-06-16 19:33:47 UTC","2025-06-16 19:33:49 UTC","2025-06-16 19:33:50 UTC","2025-06-16 19:33:51 UTC","2025-06-16 19:33:52 UTC","2025-06-16 19:33:59 UTC","2025-06-16 19:34:00 UTC","2025-06-16 19:34:02 UTC","2025-06-16 19:34:04 UTC","2025-06-16 19:34:07 UTC","2025-06-16 19:34:06 UTC",,"2025-06-16 19:34:13 UTC","2025-06-16 19:34:14 UTC","2025-06-16 19:34:14 UTC","2025-06-16 19:34:15 UTC","2025-06-16 19:34:19 UTC","2025-06-16 19:34:20 UTC","2025-06-16 19:34:21 UTC","2025-06-16 19:34:24 UTC","2025-06-16 19:34:24 UTC","2025-06-16 19:34:31 UTC","2025-06-16 19:34:32 UTC","2025-06-16 19:34:33 UTC","2025-06-16 19:34:53 UTC","2025-06-16 19:34:52 UTC","2025-06-16 19:34:54 UTC","2025-06-16 19:34:55 UTC","2025-06-16 19:34:56 UTC","2025-06-16 19:34:40 UTC","2025-06-16 19:34:40 UTC","2025-06-16 19:34:39 UTC","2025-06-16 19:34:38 UTC","2025-06-16 19:34:42 UTC","2025-06-16 19:34:46 UTC","2025-06-16 19:33:07 UTC","2025-06-16 19:33:08 UTC","2025-06-16 19:33:09 UTC","2025-06-16 19:33:12 UTC","2025-06-16 19:33:18 UTC","2025-06-16 19:33:25 UTC","","2025-06-16 19:33:35 UTC","","2025-06-16 19:33:39 UTC","2025-06-16 19:33:43 UTC","2025-06-16 19:33:45 UTC","2025-06-16 19:33:47 UTC","2025-06-16 19:33:48 UTC","2025-06-16 19:33:49 UTC","2025-06-16 19:33:51 UTC","2025-06-16 19:33:52 UTC","","2025-06-16 19:33:53 UTC","2025-06-16 19:33:55 UTC","2025-06-16 19:33:58 UTC","2025-06-16 19:33:59 UTC","2025-06-16 19:34:01 UTC","2025-06-16 19:34:03 UTC","2025-06-16 19:34:04 UTC","2025-06-16 19:34:05 UTC","2025-06-16 19:34:07 UTC","2025-06-16 19:34:08 UTC",,,"2025-06-16 19:35:03 UTC","","end","2025-06-16 19:34:17 UTC","2025-06-16 19:34:25 UTC",,""
"bae57396b41e949b9055e9aab7c8d955","2025-06-16 19:36:59 UTC",2543139596,2035,"prime_long","2025-06-16 19:42:13 UTC","","","",,"","","","","","",,,,,,,"",,"","","","","","","","","","","","","","","","","","","","",,"","","","","","","","",,,"","","","","",,,,"",,,,"","","","","","","","","","","","","","","","","","",,"","","","","","","","","","","","","","","","","","","","",,"","","","","","","","","","","","","","","","","","","","","","","","2025-06-16 19:36:59 UTC","","","","","","","","","","","","","","","","","","","","","","","","","","","",,,"","","","","",,""
"7df645981e2e543772a0fd8b7a4bde52","2025-06-16 19:37:02 UTC",5354898874,2035,"prime_long","2025-06-16 19:42:13 UTC","6","used","SUV / crossover",0,"","no","yes","","","",,,,,,30000,"finance",,"very_unlikely","somewhat_unlikely","nuetral","somewhat_likely","","1_new_car_sedan_compact","","option_2","option_3","option_1","option_2","option_3","option_1","option_2","option_2","option_3","option_1","option_2","option_2","option_1",,"not_at_all","not_at_all","not_at_all","not_at_all","phev","hev","no","",5000,1931,"Male","Yes","pacific_islander","more_than_5","part_time",50000,6,1,"rent",3,2,2,"-1","2025-06-16 19:37:06 UTC","2025-06-16 19:37:08 UTC","2025-06-16 19:37:09 UTC","2025-06-16 19:37:11 UTC","","2025-06-16 19:37:12 UTC","2025-06-16 19:37:13 UTC","","","","","","","","","2025-06-16 19:37:15 UTC","2025-06-16 19:37:16 UTC",,"2025-06-16 19:37:17 UTC","2025-06-16 19:37:18 UTC","2025-06-16 19:37:18 UTC","2025-06-16 19:37:19 UTC","","2025-06-16 19:37:20 UTC","","2025-06-16 19:37:24 UTC","2025-06-16 19:37:25 UTC","2025-06-16 19:37:26 UTC","2025-06-16 19:37:27 UTC","2025-06-16 19:37:28 UTC","2025-06-16 19:37:29 UTC","2025-06-16 19:37:30 UTC","2025-06-16 19:37:35 UTC","2025-06-16 19:37:37 UTC","2025-06-16 19:37:37 UTC","2025-06-16 19:37:38 UTC","2025-06-16 19:37:42 UTC","2025-06-16 19:37:41 UTC",,"2025-06-16 19:37:46 UTC","2025-06-16 19:37:47 UTC","2025-06-16 19:37:47 UTC","2025-06-16 19:37:48 UTC","2025-06-16 19:37:49 UTC","2025-06-16 19:37:50 UTC","2025-06-16 19:37:51 UTC","","2025-06-16 19:37:51 UTC","2025-06-16 19:37:54 UTC","2025-06-16 19:37:54 UTC","2025-06-16 19:37:55 UTC","2025-06-16 19:37:56 UTC","2025-06-16 19:37:57 UTC","2025-06-16 19:37:58 UTC","2025-06-16 19:37:59 UTC","2025-06-16 19:38:00 UTC","2025-06-16 19:38:01 UTC","2025-06-16 19:38:02 UTC","2025-06-16 19:38:02 UTC","2025-06-16 19:38:03 UTC","2025-06-16 19:38:04 UTC","2025-06-16 19:38:10 UTC","2025-06-16 19:37:02 UTC","2025-06-16 19:37:03 UTC","2025-06-16 19:37:05 UTC","2025-06-16 19:37:10 UTC","","2025-06-16 19:37:13 UTC","","2025-06-16 19:37:19 UTC","","2025-06-16 19:37:21 UTC","2025-06-16 19:37:23 UTC","2025-06-16 19:37:24 UTC","2025-06-16 19:37:25 UTC","2025-06-16 19:37:26 UTC","2025-06-16 19:37:28 UTC","2025-06-16 19:37:29 UTC","2025-06-16 19:37:30 UTC","","2025-06-16 19:37:31 UTC","2025-06-16 19:37:33 UTC","2025-06-16 19:37:34 UTC","2025-06-16 19:37:36 UTC","2025-06-16 19:37:37 UTC","2025-06-16 19:37:38 UTC","2025-06-16 19:37:39 UTC","2025-06-16 19:37:40 UTC","2025-06-16 19:37:42 UTC","2025-06-16 19:37:43 UTC",,,"2025-06-16 19:38:12 UTC","","end","2025-06-16 19:37:48 UTC","2025-06-16 19:37:52 UTC",,""
