session_id,time_start,cost_com,time_end,acquire_primary_vehicle,vehicle_leased,vehicle_cost,monthly_payment,gas_mileage,refueling,car_types,parking,neighbor_ev_info,household_vehicle,Ride_friend,bicycle,Taxi,budget,next_vehicle_purchase,next_vehicle_type1,next_vehicle_type,which_market,plan_lease_buy,next_car_budget_range,next_car_down_payment,run_on_gasoline,plugged_in,know_electric_vehicle,write_electric_name,max_subsidy,cbc_q1,cbc_q2,cbc_q3,cbc_q4,cbc_q5,cbc_q6,dob,gender,hispanic,ethnicity,people_household,current_employment_status,total_household_income,educational_qualification,current_housing,own_or_rent,electric_bill,political_views,party_voting,time_q_acquire_primary_vehicle,time_q_vehicle_leased,time_q_vehicle_cost,time_q_monthly_payment,time_q_gas_mileage,time_q_refueling,time_q_car_types,time_q_parking,time_q_neighbor_ev_info,time_q_household_vehicle,time_q_Ride_friend,time_q_bicycle,time_q_Taxi,time_q_budget,time_q_next_vehicle_purchase,time_q_next_vehicle_type1,time_q_next_vehicle_type,time_q_which_market,time_q_plan_lease_buy,time_q_next_car_budget_range,time_q_next_car_down_payment,time_q_run_on_gasoline,time_q_plugged_in,time_q_know_electric_vehicle,time_q_write_electric_name,time_q_max_subsidy,time_q_cbc_q1,time_q_cbc_q2,time_q_cbc_q3,time_q_cbc_q4,time_q_cbc_q5,time_q_cbc_q6,time_q_dob,time_q_gender,time_q_hispanic,time_q_ethnicity,time_q_people_household,time_q_current_employment_status,time_q_total_household_income,time_q_educational_qualification,time_q_current_housing,time_q_own_or_rent,time_q_electric_bill,time_q_political_views,time_q_party_voting,time_p_welcome,time_p_consent,time_p_welcome1,time_p_page2,time_p_page3,time_p_page4,time_p_cbc_intro,time_p_cbc_q1,time_p_cbc_q2,time_p_cbc_q3,time_p_cbc_q4,time_p_cbc_q5,time_p_cbc_q6,time_p_page6,time_p_end,current_page,cost_array,completion_code,respondentID,car_types1,car_types1_0,car_types1_1,car_types1_2,car_types1_3,car_types1_4,car_types1_more_than_4,acquire_how,other_transport_choices,next_car_payment_source,images,cbc_q0,time_q_car_types1,time_q_car_types1_0,time_q_car_types1_1,time_q_car_types1_2,time_q_car_types1_3,time_q_car_types1_4,time_q_car_types1_more_than_4,time_q_acquire_how,time_q_other_transport_choices,time_q_next_car_payment_source,time_q_images,time_q_cbc_q0,time_p_filter,time_p_welcome2,time_p_page3b,time_p_cbc_demo,time_p_pageQ1,time_p_pageQ2,time_p_pageQ3,time_p_pageQ4,time_p_pageQ5,time_p_pageQ6,time_p_screenout
0430588e66118f2879b8d7f31d7a5632,2025-01-22 13:56:16 UTC,7.5,2025-01-22 13:59:17 UTC,,,,,,,,,,,,,,,,,,,,,,,,,,,,,,,,,,,,,,,,,,,,,,,,,,,,,,,,,,,2025-01-22 13:58:35 UTC,,,,,,,,,,,,,,,,,,,,,,,,,,,,,,,,2025-01-22 13:56:16 UTC,2025-01-22 13:56:17 UTC,2025-01-22 13:56:18 UTC,2025-01-22 13:56:19 UTC,2025-01-22 13:56:20 UTC,,,,,,,,,,,page3,,,,,,,,,,,,,,,,,,,,,,,,,,,,,,,,,,,,,,
58196c36bad65a8e850fa6818a20513e,2025-01-22 14:00:29 UTC,17.5,2025-01-22 14:04:18 UTC,,,,,,,,,,,,,,123,,,,,,,,,,,,,,,,,,,,,,,,,,,,,,,,,,,,,,,,,,,,,2025-01-22 14:00:34 UTC,,,,,,,,,,,,,,,,,,,,,,,,,,,,,,,,2025-01-22 14:00:29 UTC,2025-01-22 14:00:31 UTC,2025-01-22 14:00:31 UTC,2025-01-22 14:00:31 UTC,2025-01-22 14:00:32 UTC,,,,,,,,,,,page3,,,,,,,,,,,,,,,,,,,,,,,,,,,,,,,,,,,,,,
96e49274dcd736de5b6d0c4631df1730,2025-01-22 14:04:31 UTC,7.5,2025-01-22 14:05:18 UTC,,,,,,,,,,,,,,123,,,,,,,,,,,,,,,,,,,,,,,,,,,,,,,,,,,,,,,,,,,,,2025-01-22 14:04:37 UTC,,,,,,,,,,,,,,,,,,,,,,,,,,,,,,,,2025-01-22 14:04:31 UTC,2025-01-22 14:04:33 UTC,2025-01-22 14:04:34 UTC,2025-01-22 14:04:34 UTC,2025-01-22 14:04:35 UTC,,,,,,,,,,,page3,,,,,,,,,,,,,,,,,,,,,,,,,,,,,,,,,,,,,,
07fda5ccbed133ee01d885c8baaa2bfd,2025-01-22 14:12:41 UTC,10,2025-01-22 14:16:14 UTC,,,,,,,,,,,,,,,,,,,,,,,,,,,option_3,option_1,option_2,,,,,,,,,,,,,,,,,,,,,,,,,,,,,,,,,,,,,,,,,,,2025-01-22 14:13:53 UTC,2025-01-22 14:14:00 UTC,2025-01-22 14:14:02 UTC,,,,,,,,,,,,,,,,,2025-01-22 14:12:41 UTC,2025-01-22 14:13:44 UTC,2025-01-22 14:13:44 UTC,2025-01-22 14:13:46 UTC,2025-01-22 14:13:46 UTC,2025-01-22 14:13:47 UTC,2025-01-22 14:13:47 UTC,2025-01-22 14:13:49 UTC,2025-01-22 14:13:57 UTC,2025-01-22 14:14:01 UTC,,,,,,cbc_q3,,,,,,,,,,,,,,,,,,,,,,,,,,,,,,,,,,,,,,
a24ababd01c37a29bb47d9d2ea2b1762,2025-01-22 14:17:52 UTC,5,2025-01-22 14:18:50 UTC,,,,,,,,,,,,,,123123,,,,,,,,,,,,,,,,,,,,,,,,,,,,,,,,,,,,,,,,,,,,,2025-01-22 14:17:58 UTC,,,,,,,,,,,,,,,,,,,,,,,,,,,,,,,,2025-01-22 14:17:52 UTC,2025-01-22 14:17:54 UTC,2025-01-22 14:17:54 UTC,2025-01-22 14:17:55 UTC,2025-01-22 14:17:55 UTC,,,,,,,,,,,page3,,,,,,,,,,,,,,,,,,,,,,,,,,,,,,,,,,,,,,
310447ad60f874fbfe78d3bcc36ac222,2025-01-22 14:26:23 UTC,20,2025-01-22 14:26:50 UTC,,,,,,,,,,,,,,123,,,,,,,,,,,,,,,,,,,,,,,,,,,,,,,,,,,,,,,,,,,,,2025-01-22 14:26:28 UTC,,,,,,,,,,,,,,,,,,,,,,,,,,,,,,,,2025-01-22 14:26:23 UTC,2025-01-22 14:26:24 UTC,2025-01-22 14:26:25 UTC,2025-01-22 14:26:25 UTC,2025-01-22 14:26:26 UTC,,,,,,,,,,,page3,,,,,,,,,,,,,,,,,,,,,,,,,,,,,,,,,,,,,,
4e58b9e77dd7b60fe5208d241d73a1b2,2025-01-22 14:29:19 UTC,15,2025-01-22 14:30:35 UTC,,,,,,,,,,,,,,123,,,,,,,,,,,,,,,,,,,,,,,,,,,,,,,,,,,,,,,,,,,,,2025-01-22 14:29:22 UTC,,,,,,,,,,,,,,,,,,,,,,,,,,,,,,,,2025-01-22 14:29:19 UTC,2025-01-22 14:29:20 UTC,2025-01-22 14:29:20 UTC,2025-01-22 14:29:20 UTC,2025-01-22 14:29:20 UTC,,,,,,,,,,,page3,,,,,,,,,,,,,,,,,,,,,,,,,,,,,,,,,,,,,,
d0e524aeb0dfd1bc18e04065a5402f6a,2025-01-22 20:59:44 UTC,20,2025-01-22 21:00:33 UTC,,,,,,,,,,,,,,147,,,,,,,,,,,,,,,,,,,,,,,,,,,,,,,,,,,,,,,,,,,,,2025-01-22 20:59:59 UTC,,,,,,,,,,,,,,,,,,,,,,,,,,,,,,,,2025-01-22 20:59:44 UTC,2025-01-22 20:59:47 UTC,2025-01-22 20:59:48 UTC,2025-01-22 20:59:53 UTC,2025-01-22 20:59:55 UTC,,,,,,,,,,,page3,,,,,,,,,,,,,,,,,,,,,,,,,,,,,,,,,,,,,,
9a06394864a85818e6f2d690abbefb5d,2025-01-22 21:43:39 UTC,5,2025-01-22 21:53:21 UTC,,,,,,,,,,,,,,142,,,,,,,,,,,,,,,,,,,,,,,,,,,,,,,,,,,,,,,,,,,,,2025-01-22 21:43:51 UTC,,,,,,,,,,,,,,,,,,,,,,,,,,,,,,,,2025-01-22 21:43:39 UTC,2025-01-22 21:43:42 UTC,2025-01-22 21:43:43 UTC,2025-01-22 21:43:46 UTC,2025-01-22 21:43:48 UTC,,,,,,,,,,,page3,"7.5, 5, 20",,,,,,,,,,,,,,,,,,,,,,,,,,,,,,,,,,,,,
79046a7e72c0412c51b139798cbc0096,2025-05-02 04:45:53 UTC,,2025-05-02 04:59:39 UTC,Buy,,29999,500,40,3,,"Driveway_Carport, Shared_parking_garage",yes,,,,,22500,6,,,Used,Definitely_Yes,,,,,,,,,,,,,,,,,,,,,,,,,,,2025-05-02 04:48:56 UTC,,2025-05-02 04:49:17 UTC,2025-05-02 04:49:21 UTC,2025-05-02 04:49:41 UTC,2025-05-02 04:49:51 UTC,,2025-05-02 04:48:37 UTC,2025-05-02 04:48:47 UTC,,,,,2025-05-02 04:50:37 UTC,2025-05-02 04:47:02 UTC,,,2025-05-02 04:47:05 UTC,2025-05-02 04:50:46 UTC,,,,,,,,,,,,,,,,,,,,,,,,,,,2025-05-02 04:45:53 UTC,2025-05-02 04:46:08 UTC,2025-05-02 04:47:07 UTC,2025-05-02 04:49:52 UTC,2025-05-02 04:50:33 UTC,,2025-05-02 04:51:33 UTC,,,,,,,,,cbc_intro,,8871033126,45,,other,electric,hybrid,plugin_hybrid,Gasoline,,new,"taxi, Ride_hail",buy,car_mid_2,,,2025-05-02 04:48:23 UTC,2025-05-02 04:48:19 UTC,2025-05-02 04:47:43 UTC,2025-05-02 04:47:49 UTC,2025-05-02 04:47:54 UTC,,2025-05-02 04:49:08 UTC,2025-05-02 04:50:32 UTC,2025-05-02 04:50:42 UTC,2025-05-02 04:51:32 UTC,,2025-05-02 04:46:21 UTC,2025-05-02 04:48:51 UTC,2025-05-02 04:50:47 UTC,,,,,,,,
537501ea09e2bb8e77665f7ba2956adb,2025-05-02 05:14:14 UTC,,2025-05-02 05:14:18 UTC,,,,,,,,,,,,,,,,,,,,,,,,,,,,,,,,,,,,,,,,,,,,,,,,,,,,,,,,,,,,,,,,,,,,,,,,,,,,,,,,,,,,,,,,,,,2025-05-02 05:14:14 UTC,,,,,,,,,,,,,,,,,6547632959,1410,,,,,,,,,,,,,,,,,,,,,,,,,,,,,,,,,,,
de0e53b947ef340599a116be10bcd5eb,2025-05-02 05:14:38 UTC,,2025-05-02 05:23:20 UTC,Buy,,9999,2000,10,4,,Driveway_Carport,yes,,,,,10000,6,,,Used,Maybe_Not_sure,,,,,,,,,,,,,,,,,,,,,,,,,,,2025-05-02 05:14:58 UTC,,2025-05-02 05:14:59 UTC,2025-05-02 05:15:00 UTC,2025-05-02 05:15:01 UTC,2025-05-02 05:15:03 UTC,,2025-05-02 05:14:52 UTC,2025-05-02 05:14:55 UTC,,,,,2025-05-02 05:15:07 UTC,2025-05-02 05:14:43 UTC,,,2025-05-02 05:14:44 UTC,2025-05-02 05:15:10 UTC,,,,,,,,,,,,,,,,,,,,,,,,,,,2025-05-02 05:14:38 UTC,2025-05-02 05:14:39 UTC,2025-05-02 05:14:44 UTC,2025-05-02 05:15:03 UTC,2025-05-02 05:15:06 UTC,,,,,,,,,,,page3b,,7822771151,66,,Gasoline,hybrid,hybrid,plugin_hybrid,electric,other,,taxi,buy,,,,2025-05-02 05:14:46 UTC,2025-05-02 05:14:48 UTC,2025-05-02 05:14:48 UTC,2025-05-02 05:14:49 UTC,2025-05-02 05:14:50 UTC,2025-05-02 05:14:50 UTC,,2025-05-02 05:15:05 UTC,2025-05-02 05:15:09 UTC,,,2025-05-02 05:14:41 UTC,2025-05-02 05:14:56 UTC,2025-05-02 05:15:11 UTC,,,,,,,,
c39f5dc1d0cd2e2fced55f52fa52b854,2025-05-02 05:14:32 UTC,,2025-05-02 05:23:20 UTC,,,,,,,,,,,,,,,,,,,,,,,,,,,,,,,,,,,,,,,,,,,,,,,,,,,,,,,,,,,,,,,,,,,,,,,,,,,,,,,,,,,,,,,,,,,2025-05-02 05:14:32 UTC,2025-05-02 05:14:34 UTC,,,,,,,,,,,,,,consent,,7701724787,66,,,,,,,,,,,,,,,,,,,,,,,,,,,,,,,,,,,
57d6fe7341b5ff9e61e75c609b1cdccd,2025-05-02 20:27:21 UTC,,2025-05-02 20:27:58 UTC,,,,,,,,,,,,,,,6,,,Used,,,,,,,,,,,,,,,,,,,,,,,,,,,,,,,,,,,,,,,,,,2025-05-02 20:27:28 UTC,,,2025-05-02 20:27:29 UTC,,,,,,,,,,,,,,,,,,,,,,,,,,,,2025-05-02 20:27:21 UTC,2025-05-02 20:27:25 UTC,2025-05-02 20:27:30 UTC,,,,,,,,,,,,,welcome1,,5404607655,645,,Gasoline,,,,,,,,,,,,2025-05-02 20:27:33 UTC,,,,,,,,,,,2025-05-02 20:27:27 UTC,,,,,,,,,,