"session_id","time_start","cost_com","time_end","acquire_primary_vehicle","vehicle_leased","vehicle_cost","monthly_payment","gas_mileage","refueling","car_types","parking","neighbor_ev_info","household_vehicle","Ride_friend","bicycle","Taxi","budget","next_vehicle_purchase","next_vehicle_type1","next_vehicle_type","which_market","plan_lease_buy","next_car_budget_range","next_car_down_payment","run_on_gasoline","plugged_in","know_electric_vehicle","write_electric_name","max_subsidy","cbc_q1","cbc_q2","cbc_q3","cbc_q4","cbc_q5","cbc_q6","dob","gender","hispanic","ethnicity","people_household","current_employment_status","total_household_income","educational_qualification","current_housing","own_or_rent","electric_bill","political_views","party_voting","time_q_acquire_primary_vehicle","time_q_vehicle_leased","time_q_vehicle_cost","time_q_monthly_payment","time_q_gas_mileage","time_q_refueling","time_q_car_types","time_q_parking","time_q_neighbor_ev_info","time_q_household_vehicle","time_q_Ride_friend","time_q_bicycle","time_q_Taxi","time_q_budget","time_q_next_vehicle_purchase","time_q_next_vehicle_type1","time_q_next_vehicle_type","time_q_which_market","time_q_plan_lease_buy","time_q_next_car_budget_range","time_q_next_car_down_payment","time_q_run_on_gasoline","time_q_plugged_in","time_q_know_electric_vehicle","time_q_write_electric_name","time_q_max_subsidy","time_q_cbc_q1","time_q_cbc_q2","time_q_cbc_q3","time_q_cbc_q4","time_q_cbc_q5","time_q_cbc_q6","time_q_dob","time_q_gender","time_q_hispanic","time_q_ethnicity","time_q_people_household","time_q_current_employment_status","time_q_total_household_income","time_q_educational_qualification","time_q_current_housing","time_q_own_or_rent","time_q_electric_bill","time_q_political_views","time_q_party_voting","time_p_welcome","time_p_consent","time_p_welcome1","time_p_page2","time_p_page3","time_p_page4","time_p_cbc_intro","time_p_cbc_q1","time_p_cbc_q2","time_p_cbc_q3","time_p_cbc_q4","time_p_cbc_q5","time_p_cbc_q6","time_p_page6","time_p_end","current_page","mult_value..","mult_value","multiplied_value..","cost_array","images","time_q_images"
"0430588e66118f2879b8d7f31d7a5632","2025-01-22 13:56:16 UTC","7.5","",,,,,,,,,,,,,,,,,,,,,,,,,,,"","",,,,,"",,,,,,,,,,,,,,,,,,,,,,,,,,"",,,,,,,,,,,,,"","",,,,,,,,,,,,,,,,,,"2025-01-22 13:56:16 UTC","2025-01-22 13:56:17 UTC","2025-01-22 13:56:18 UTC","2025-01-22 13:56:19 UTC","2025-01-22 13:56:20 UTC","","","","","","","","","",,"page3",,,,"","",""
"58196c36bad65a8e850fa6818a20513e","2025-01-22 14:00:29 UTC","17.5","",,,,,,,,,,,,,,,,,,,,,,,,,,,"","",,,,,"",,,,,,,,,,,,,,,,,,,,,,,,,,"",,,,,,,,,,,,,"","",,,,,,,,,,,,,,,,,,"2025-01-22 14:00:29 UTC","2025-01-22 14:00:31 UTC","2025-01-22 14:00:31 UTC","2025-01-22 14:00:31 UTC","2025-01-22 14:00:32 UTC","","","","","","","","","",,"page3",,,,"","",""
"96e49274dcd736de5b6d0c4631df1730","2025-01-22 14:04:31 UTC","7.5","",,,,,,,,,,,,,,,,,,,,,,,,,,,"","",,,,,"",,,,,,,,,,,,,,,,,,,,,,,,,,"",,,,,,,,,,,,,"","",,,,,,,,,,,,,,,,,,"2025-01-22 14:04:31 UTC","2025-01-22 14:04:33 UTC","2025-01-22 14:04:34 UTC","2025-01-22 14:04:34 UTC","2025-01-22 14:04:35 UTC","","","","","","","","","",,"page3",,,,"","",""
"d86b22bc89776488ced78daaba21ad43","2025-01-22 14:09:00 UTC","20","2025-01-22 14:09:01 UTC",,,,,,,,,,,,,,,,,,,,,,,,,,,"","",,,,,"",,,,,,,,,,,,,,,,,,,,,,,,,,"",,,,,,,,,,,,,"","",,,,,,,,,,,,,,,,,,"2025-01-22 14:09:00 UTC","","","","","","","","","","","","","",,"",,,,"","",""
"07fda5ccbed133ee01d885c8baaa2bfd","2025-01-22 14:12:41 UTC","10","",,,,,,,,,,,,,,,,,,,,,,,,,,,"option_3","option_1",,,,,"",,,,,,,,,,,,,,,,,,,,,,,,,,"",,,,,,,,,,,,,"2025-01-22 14:13:53 UTC","2025-01-22 14:14:00 UTC",,,,,,,,,,,,,,,,,,"2025-01-22 14:12:41 UTC","2025-01-22 14:13:44 UTC","2025-01-22 14:13:44 UTC","2025-01-22 14:13:46 UTC","2025-01-22 14:13:46 UTC","2025-01-22 14:13:47 UTC","2025-01-22 14:13:47 UTC","2025-01-22 14:13:49 UTC","2025-01-22 14:13:57 UTC","2025-01-22 14:14:01 UTC","","","","",,"cbc_q3",,,,"","",""
"a24ababd01c37a29bb47d9d2ea2b1762","2025-01-22 14:17:52 UTC","5","",,,,,,,,,,,,,,,,,,,,,,,,,,,"","",,,,,"",,,,,,,,,,,,,,,,,,,,,,,,,,"",,,,,,,,,,,,,"","",,,,,,,,,,,,,,,,,,"2025-01-22 14:17:52 UTC","2025-01-22 14:17:54 UTC","2025-01-22 14:17:54 UTC","2025-01-22 14:17:55 UTC","2025-01-22 14:17:55 UTC","","","","","","","","","",,"page3",,,,"","",""
"310447ad60f874fbfe78d3bcc36ac222","2025-01-22 14:26:23 UTC","20","",,,,,,,,,,,,,,,,,,,,,,,,,,,"","",,,,,"",,,,,,,,,,,,,,,,,,,,,,,,,,"",,,,,,,,,,,,,"","",,,,,,,,,,,,,,,,,,"2025-01-22 14:26:23 UTC","2025-01-22 14:26:24 UTC","2025-01-22 14:26:25 UTC","2025-01-22 14:26:25 UTC","2025-01-22 14:26:26 UTC","","","","","","","","","",,"page3",,,,"","",""
"4e58b9e77dd7b60fe5208d241d73a1b2","2025-01-22 14:29:19 UTC","15","",,,,,,,,,,,,,,,,,,,,,,,,,,,"","",,,,,"",,,,,,,,,,,,,,,,,,,,,,,,,,"",,,,,,,,,,,,,"","",,,,,,,,,,,,,,,,,,"2025-01-22 14:29:19 UTC","2025-01-22 14:29:20 UTC","2025-01-22 14:29:20 UTC","2025-01-22 14:29:20 UTC","2025-01-22 14:29:20 UTC","","","","","","","","","",,"page3",,,,"","",""
"b4d372da745ec6b7f6f4c9d1b620b455","2025-01-22 14:46:54 UTC","5","2025-01-22 14:47:26 UTC",,,,,,,,,,,,,,"123",,,,,,,,,,,,,"","",,,,,"",,,,,,,,,,,,,,,,,,,,,,,,,,"2025-01-22 14:46:58 UTC",,,,,,,,,,,,,"","",,,,,,,,,,,,,,,,,,"2025-01-22 14:46:54 UTC","2025-01-22 14:46:55 UTC","2025-01-22 14:46:55 UTC","2025-01-22 14:46:56 UTC","2025-01-22 14:46:56 UTC","","","","","","","","","",,"page3",,,,"","",""
"4a93109870a6126862ad883ff0e95846","2025-01-22 15:12:55 UTC","5","2025-01-22 15:13:37 UTC",,,,,,,,,,,,,,"22123",,,,,,,,,,,,,"","",,,,,"",,,,,,,,,,,,,,,,,,,,,,,,,,"2025-01-22 15:13:07 UTC",,,,,,,,,,,,,"","",,,,,,,,,,,,,,,,,,"2025-01-22 15:12:55 UTC","2025-01-22 15:12:56 UTC","2025-01-22 15:12:56 UTC","2025-01-22 15:12:56 UTC","2025-01-22 15:12:57 UTC","","","","","","","","","",,"page3",,,,"","",""
"b591148cf3a09818f21883b691eb4d1d","2025-01-22 15:26:37 UTC","7.5","2025-01-22 15:27:23 UTC",,,,,,,,,,,,,,"123",,,,,,,,,,,,,"","",,,,,"",,,,,,,,,,,,,,,,,,,,,,,,,,"2025-01-22 15:26:41 UTC",,,,,,,,,,,,,"","",,,,,,,,,,,,,,,,,,"2025-01-22 15:26:37 UTC","2025-01-22 15:26:38 UTC","2025-01-22 15:26:38 UTC","2025-01-22 15:26:39 UTC","2025-01-22 15:26:39 UTC","","","","","","","","","",,"page3",,,,"","",""
"f7736ec015d66deb43b89d121430a1b6","2025-01-22 15:29:51 UTC","5","2025-01-22 15:30:26 UTC",,,,,,,,,,,,,,"123",,,,,,,,,,,,,"","",,,,,"",,,,,,,,,,,,,,,,,,,,,,,,,,"2025-01-22 15:29:55 UTC",,,,,,,,,,,,,"","",,,,,,,,,,,,,,,,,,"2025-01-22 15:29:51 UTC","2025-01-22 15:29:53 UTC","2025-01-22 15:29:53 UTC","2025-01-22 15:29:54 UTC","2025-01-22 15:29:54 UTC","","","","","","","","","",,"page3",,,,"","",""
"5fe3bff38e266006f415ffd758ba93c5","2025-01-22 15:30:28 UTC","5","2025-01-22 15:30:34 UTC",,,,,,,,,,,,,,"123",,,,,,,,,,,,,"","",,,,,"",,,,,,,,,,,,,,,,,,,,,,,,,,"2025-01-22 15:30:31 UTC",,,,,,,,,,,,,"","",,,,,,,,,,,,,,,,,,"2025-01-22 15:30:28 UTC","2025-01-22 15:30:29 UTC","2025-01-22 15:30:29 UTC","2025-01-22 15:30:29 UTC","2025-01-22 15:30:29 UTC","","","","","","","","","",,"page3",,,,"","",""
"08fe6862ffc120a7f43c9cffb1c9e5b7","2025-01-22 15:30:51 UTC","5","2025-01-22 15:31:05 UTC",,,,,,,,,,,,,,"123",,,,,,,,,,,,,"","",,,,,"",,,,,,,,,,,,,,,,,,,,,,,,,,"2025-01-22 15:30:54 UTC",,,,,,,,,,,,,"","",,,,,,,,,,,,,,,,,,"2025-01-22 15:30:51 UTC","2025-01-22 15:30:52 UTC","2025-01-22 15:30:52 UTC","2025-01-22 15:30:52 UTC","2025-01-22 15:30:52 UTC","","","","","","","","","",,"page3",,,,"","",""
"fd0f87e39e3c082b898082c28e483e6d","2025-01-22 15:35:52 UTC","7.5","2025-01-22 15:37:10 UTC",,,,,,,,,,,,,,"123",,,,,,,,,,,,,"","",,,,,"",,,,,,,,,,,,,,,,,,,,,,,,,,"2025-01-22 15:35:55 UTC",,,,,,,,,,,,,"","",,,,,,,,,,,,,,,,,,"2025-01-22 15:35:52 UTC","2025-01-22 15:35:53 UTC","2025-01-22 15:35:53 UTC","2025-01-22 15:35:53 UTC","2025-01-22 15:35:54 UTC","","","","","","","","","",,"page3",,,,"","",""
"74286df808cacc4a44e1c2d0412cfd96","2025-01-22 15:37:13 UTC","17.5","2025-01-22 15:37:41 UTC",,,,,,,,,,,,,,"123",,,,,,,,,,,,,"","",,,,,"",,,,,,,,,,,,,,,,,,,,,,,,,,"2025-01-22 15:37:16 UTC",,,,,,,,,,,,,"","",,,,,,,,,,,,,,,,,,"2025-01-22 15:37:13 UTC","2025-01-22 15:37:14 UTC","2025-01-22 15:37:14 UTC","2025-01-22 15:37:15 UTC","2025-01-22 15:37:15 UTC","","","","","","","","","",,"page3",,,,"","",""
"43c4f59a27ce36ace31c5c424825b5b6","2025-01-22 15:37:45 UTC","17.5","",,,,,,,,,,,,,,,,,,,,,,,,,,,"","",,,,,"",,,,,,,,,,,,,,,,,,,,,,,,,,"",,,,,,,,,,,,,"","",,,,,,,,,,,,,,,,,,"2025-01-22 15:37:45 UTC","2025-01-22 15:37:48 UTC","2025-01-22 15:37:48 UTC","2025-01-22 15:37:48 UTC","2025-01-22 15:37:48 UTC","","","","","","","","","",,"page3",,,,"","",""
"2538ae67ca9d200731eeba6a2b2e33bd","2025-01-22 15:58:23 UTC","20","2025-01-22 16:00:04 UTC",,,,,,,,,,,,,,"123",,,,,,,,,,,,,"","",,,,,"",,,,,,,,,,,,,,,,,,,,,,,,,,"2025-01-22 15:58:26 UTC",,,,,,,,,,,,,"","",,,,,,,,,,,,,,,,,,"2025-01-22 15:58:23 UTC","2025-01-22 15:58:24 UTC","2025-01-22 15:58:24 UTC","2025-01-22 15:58:24 UTC","2025-01-22 15:58:25 UTC","","","","","","","","","",,"page3",,,,"","",""
"fbe7258a1028dfb2c99fa1b10b21ff50","2025-01-22 16:00:28 UTC","7.5","2025-01-22 16:00:39 UTC",,,,,,,,,,,,,,"123",,,,,,,,,,,,,"","",,,,,"",,,,,,,,,,,,,,,,,,,,,,,,,,"2025-01-22 16:00:31 UTC",,,,,,,,,,,,,"","",,,,,,,,,,,,,,,,,,"2025-01-22 16:00:28 UTC","2025-01-22 16:00:29 UTC","2025-01-22 16:00:29 UTC","2025-01-22 16:00:29 UTC","2025-01-22 16:00:30 UTC","","","","","","","","","",,"page3",,,,"","",""
"a092aee1633b168106a498f6e0dd42fc","2025-01-22 16:00:53 UTC","15","2025-01-22 16:01:47 UTC",,,,,,,,,,,,,,"123",,,,,,,,,,,,,"","",,,,,"",,,,,,,,,,,,,,,,,,,,,,,,,,"2025-01-22 16:00:56 UTC",,,,,,,,,,,,,"","",,,,,,,,,,,,,,,,,,"2025-01-22 16:00:53 UTC","2025-01-22 16:00:54 UTC","2025-01-22 16:00:54 UTC","2025-01-22 16:00:55 UTC","2025-01-22 16:00:55 UTC","","","","","","","","","",,"page3",,,,"","",""
"b8870e5e3608d4e49f5ac862bef3c7ac","2025-01-22 20:50:19 UTC","17.5","2025-01-22 20:50:37 UTC",,,,,,,,,,,,,,"9685",,,,,,,,,,,,,"","",,,,,"",,,,,,,,,,,,,,,,,,,,,,,,,,"2025-01-22 20:50:29 UTC",,,,,,,,,,,,,"","",,,,,,,,,,,,,,,,,,"2025-01-22 20:50:19 UTC","2025-01-22 20:50:22 UTC","2025-01-22 20:50:23 UTC","2025-01-22 20:50:25 UTC","2025-01-22 20:50:27 UTC","","","","","","","","","",,"page3",,,,"","",""
"971e058020a1b6c2d8d14156114c833d","2025-01-22 20:51:31 UTC","5","2025-01-22 20:54:54 UTC",,,,,,,,,,,,,,"74",,,,,,,,,,,,,"","",,,,,"",,,,,,,,,,,,,,,,,,,,,,,,,,"2025-01-22 20:52:07 UTC",,,,,,,,,,,,,"","",,,,,,,,,,,,,,,,,,"2025-01-22 20:51:31 UTC","2025-01-22 20:51:43 UTC","2025-01-22 20:52:00 UTC","2025-01-22 20:52:02 UTC","2025-01-22 20:52:03 UTC","","","","","","","","","",,"page3",,,,"","",""
"d0e524aeb0dfd1bc18e04065a5402f6a","2025-01-22 20:59:44 UTC","20","",,,,,,,,,,,,,,,,,,,,,,,,,,,"","",,,,,"",,,,,,,,,,,,,,,,,,,,,,,,,,"",,,,,,,,,,,,,"","",,,,,,,,,,,,,,,,,,"2025-01-22 20:59:44 UTC","2025-01-22 20:59:47 UTC","2025-01-22 20:59:48 UTC","2025-01-22 20:59:53 UTC","2025-01-22 20:59:55 UTC","","","","","","","","","",,"page3",,,,"","",""
"eff368d80f84c7ce79c614132ae363a6","2025-01-22 21:01:59 UTC","15","2025-01-22 21:04:55 UTC",,,,,,,,,,,,,,"12",,,,,,,,,,,,,"","",,,,,"",,,,,,,,,,,,,,,,,,,,,,,,,,"2025-01-22 21:02:09 UTC",,,,,,,,,,,,,"","",,,,,,,,,,,,,,,,,,"2025-01-22 21:01:59 UTC","2025-01-22 21:02:01 UTC","2025-01-22 21:02:03 UTC","2025-01-22 21:02:04 UTC","2025-01-22 21:02:06 UTC","","","","","","","","","",,"page3",,,,"","",""
"612acd62f8bdec6ea5e95ca5211852d4","2025-01-22 21:04:56 UTC","10","2025-01-22 21:24:15 UTC",,,,,,,,,,,,,,"16",,,,,,,,,,,,,"","",,,,,"",,,,,,,,,,,,,,,,,,,,,,,,,,"2025-01-22 21:05:20 UTC",,,,,,,,,,,,,"","",,,,,,,,,,,,,,,,,,"2025-01-22 21:04:56 UTC","2025-01-22 21:04:59 UTC","2025-01-22 21:05:00 UTC","2025-01-22 21:05:02 UTC","2025-01-22 21:05:04 UTC","","","","","","","","","",,"page3",,,,"","",""
"bdd06437e6de00ea3ed5fff83afb9de6","2025-01-22 21:26:05 UTC","10","2025-01-22 21:26:31 UTC",,,,,,,,,,,,,,"142",,,,,,,,,,,,,"","",,,,,"",,,,,,,,,,,,,,,,,,,,,,,,,,"2025-01-22 21:26:18 UTC",,,,,,,,,,,,,"","",,,,,,,,,,,,,,,,,,"2025-01-22 21:26:05 UTC","2025-01-22 21:26:08 UTC","2025-01-22 21:26:09 UTC","2025-01-22 21:26:11 UTC","2025-01-22 21:26:14 UTC","","","","","","","","","",,"page3",,,,"","",""
"f196f57cbac4e02b205c40489f5d8bd4","2025-01-22 21:31:19 UTC","12.5","2025-01-22 21:33:11 UTC",,,,,,,,,,,,,,"13",,,,,,,,,,,,,"","",,,,,"",,,,,,,,,,,,,,,,,,,,,,,,,,"2025-01-22 21:31:36 UTC",,,,,,,,,,,,,"","",,,,,,,,,,,,,,,,,,"2025-01-22 21:31:19 UTC","2025-01-22 21:31:21 UTC","2025-01-22 21:31:23 UTC","2025-01-22 21:31:25 UTC","2025-01-22 21:31:27 UTC","","","","","","","","","",,"page3",,,,"","",""
"3e65a6eaf84005468478834cb50a048e","2025-01-22 21:39:06 UTC","20","2025-01-22 21:39:19 UTC",,,,,,,,,,,,,,,,,,,,,,,,,,,"","",,,,,"",,,,,,,,,,,,,,,,,,,,,,,,,,"",,,,,,,,,,,,,"","",,,,,,,,,,,,,,,,,,"2025-01-22 21:39:06 UTC","2025-01-22 21:39:13 UTC","2025-01-22 21:39:14 UTC","2025-01-22 21:39:16 UTC","2025-01-22 21:39:18 UTC","","","","","","","","","",,"page3",,,,"c(195463, 254429, 137988), c(112, 112, 112), c(1, 1, 1), c(1, 2, 3), c(889, 889, 889), c(7.5, 20, 12.5), c(50, 20, 0), c(8, 6, 6), c(""Electric"", ""Electric"", ""Electric""), c(50, 250, 250), c(21, 15, 6), c(45, 55, 40)","",""
"9a06394864a85818e6f2d690abbefb5d","2025-01-22 21:43:39 UTC","5","",,,,,,,,,,,,,,,,,,,,,,,,,,,"","",,,,,"",,,,,,,,,,,,,,,,,,,,,,,,,,"",,,,,,,,,,,,,"","",,,,,,,,,,,,,,,,,,"2025-01-22 21:43:39 UTC","2025-01-22 21:43:42 UTC","2025-01-22 21:43:43 UTC","2025-01-22 21:43:46 UTC","2025-01-22 21:43:48 UTC","","","","","","","","","",,"page3",,,,"7.5, 5, 20","",""
"039d4cd429d5bd136ed7a76850b68aaf","2025-01-22 21:53:31 UTC","12.5","2025-01-22 22:03:21 UTC",,,,,,,,,,,,,,"10",,,,,,,,,,,,,"","",,,,,"",,,,,,,,,,,,,,,,,,,,,,,,,,"2025-01-22 21:53:50 UTC",,,,,,,,,,,,,"","",,,,,,,,,,,,,,,,,,"2025-01-22 21:53:31 UTC","2025-01-22 21:53:34 UTC","2025-01-22 21:53:37 UTC","2025-01-22 21:53:37 UTC","2025-01-22 21:53:39 UTC","","","","","","","","","",,"page3",,,,"12.5, 12.5, 10","",""
"cfc9abd3ff5aeb711345209d61e3ea97","2025-01-22 22:03:25 UTC","17.5","2025-01-22 22:03:52 UTC",,,,,,,,,,,,,,"852",,,,,,,,,,,,,"","",,,,,"",,,,,,,,,,,,,,,,,,,,,,,,,,"2025-01-22 22:03:40 UTC",,,,,,,,,,,,,"","",,,,,,,,,,,,,,,,,,"2025-01-22 22:03:25 UTC","2025-01-22 22:03:32 UTC","2025-01-22 22:03:32 UTC","2025-01-22 22:03:35 UTC","2025-01-22 22:03:37 UTC","2025-01-22 22:03:49 UTC","","","","","","","","",,"page4",,,,"10, 17.5, 20","",""
"e85fd3161d14071ddfe1d72aa2cb52db","2025-01-22 22:04:25 UTC","10","2025-01-22 22:08:16 UTC",,,,,,,,,,,,,,"2",,,,,,,,,,,,,"","",,,,,"",,,,,,,,,,,,,,,,,,,,,,,,,,"2025-01-22 22:05:39 UTC",,,,,,,,,,,,,"","",,,,,,,,,,,,,,,,,,"2025-01-22 22:04:25 UTC","2025-01-22 22:04:27 UTC","2025-01-22 22:04:30 UTC","2025-01-22 22:04:33 UTC","2025-01-22 22:04:35 UTC","","","","","","","","","",,"page3",,,,"7.5, 10, 17.5","",""
"880bfc0bc0577fbc0be2385124399970","2025-01-22 22:08:34 UTC","10","2025-01-22 22:09:34 UTC",,,,,,,,,,,,,,"2",,,,,,,,,,,,,"","",,,,,"",,,,,,,,,,,,,,,,,,,,,,,,,,"2025-01-22 22:09:03 UTC",,,,,,,,,,,,,"","",,,,,,,,,,,,,,,,,,"2025-01-22 22:08:34 UTC","2025-01-22 22:08:52 UTC","2025-01-22 22:08:53 UTC","2025-01-22 22:08:58 UTC","2025-01-22 22:09:00 UTC","","","","","","","","","",,"page3",,,,"15, 10, 10","",""
"55d51a9e7a8079f564f723ce7bc59e88","2025-01-22 22:09:52 UTC","12.5","2025-01-22 22:10:17 UTC",,,,,,,,,,,,,,"2",,,,,,,,,,,,,"","",,,,,"",,,,,,,,,,,,,,,,,,,,,,,,,,"2025-01-22 22:10:09 UTC",,,,,,,,,,,,,"","",,,,,,,,,,,,,,,,,,"2025-01-22 22:09:52 UTC","2025-01-22 22:10:02 UTC","2025-01-22 22:10:03 UTC","2025-01-22 22:10:05 UTC","2025-01-22 22:10:06 UTC","2025-01-22 22:10:15 UTC","","","","","","","","",,"page4",,,,"20, 12.5, 15","",""
"d90c0d175d71ecbf9bd6c757e530be87","2025-01-22 22:16:20 UTC","17.5","2025-01-22 22:17:01 UTC",,,,,,,,,,,,,,"3",,,,,,,,,,,,,"","",,,,,"",,,,,,,,,,,,,,,,,,,,,,,,,,"2025-01-22 22:16:29 UTC",,,,,,,,,,,,,"","",,,,,,,,,,,,,,,,,,"2025-01-22 22:16:20 UTC","2025-01-22 22:16:23 UTC","2025-01-22 22:16:24 UTC","2025-01-22 22:16:25 UTC","2025-01-22 22:16:27 UTC","2025-01-22 22:16:37 UTC","2025-01-22 22:16:40 UTC","2025-01-22 22:16:41 UTC","2025-01-22 22:16:58 UTC","","","","","",,"cbc_q2",,,,"5, 17.5, 5","",""
"4e52c914f39a3f104f1116039ac668f6","2025-01-22 22:17:05 UTC","17.5","2025-01-22 22:18:02 UTC",,,,,,,,,,,,,,"100",,,,,,,,,,,,,"","",,,,,"",,,,,,,,,,,,,,,,,,,,,,,,,,"2025-01-22 22:17:44 UTC",,,,,,,,,,,,,"","",,,,,,,,,,,,,,,,,,"2025-01-22 22:17:05 UTC","2025-01-22 22:17:35 UTC","2025-01-22 22:17:37 UTC","2025-01-22 22:17:39 UTC","2025-01-22 22:17:41 UTC","2025-01-22 22:17:53 UTC","2025-01-22 22:17:56 UTC","2025-01-22 22:17:57 UTC","2025-01-22 22:18:00 UTC","","","","","",,"cbc_q2",,,,"5, 17.5, 5","",""
"342edb608592808af387dfe0d16818d0","2025-01-22 22:30:51 UTC","7.5","2025-01-22 22:31:37 UTC",,,,,,,,,,,,,,"1000",,,,,,,,,,,,,"","",,,,,"2025-01-22",,,,,,,,,,,,,,,,,,,,,,,,,,"2025-01-22 22:31:03 UTC",,,,,,,,,,,,,"","",,,,,,,,,,,,,,,,,,"2025-01-22 22:30:51 UTC","2025-01-22 22:30:53 UTC","2025-01-22 22:30:54 UTC","2025-01-22 22:30:56 UTC","2025-01-22 22:30:59 UTC","2025-01-22 22:31:14 UTC","2025-01-22 22:31:18 UTC","2025-01-22 22:31:19 UTC","2025-01-22 22:31:23 UTC","2025-01-22 22:31:29 UTC","2025-01-22 22:31:31 UTC","2025-01-22 22:31:33 UTC","2025-01-22 22:31:35 UTC","2025-01-22 22:31:36 UTC",,"page6",,,,"12.5, 7.5, 5","",""
"ed19d5d794a634be7035c84bf9c3240f","2025-01-23 15:13:33 UTC","20","2025-01-23 15:17:09 UTC",,,,,,,,,,,,,,"10",,,,,,,,,,,,,"","",,,,,"",,,,,,,,,,,,,,,,,,,,,,,,,,"2025-01-23 15:13:46 UTC",,,,,,,,,,,,,"","",,,,,,,,,,,,,,,,,,"2025-01-23 15:13:33 UTC","2025-01-23 15:13:36 UTC","2025-01-23 15:13:38 UTC","2025-01-23 15:13:39 UTC","2025-01-23 15:13:41 UTC","2025-01-23 15:13:49 UTC","2025-01-23 15:13:53 UTC","2025-01-23 15:13:54 UTC","2025-01-23 15:13:58 UTC","2025-01-23 15:14:00 UTC","2025-01-23 15:14:03 UTC","","","",,"cbc_q4",,,,"","",""
"033b32dfdb7bca02d7df99a8a8042bc4","2025-01-23 15:17:26 UTC","5","2025-01-23 15:18:00 UTC",,,,,,,,,,,,,,"100",,,,,,,,,,,,,"","",,,,,"",,,,,,,,,,,,,,,,,,,,,,,,,,"2025-01-23 15:17:37 UTC",,,,,,,,,,,,,"","",,,,,,,,,,,,,,,,,,"2025-01-23 15:17:26 UTC","2025-01-23 15:17:28 UTC","2025-01-23 15:17:30 UTC","2025-01-23 15:17:33 UTC","2025-01-23 15:17:35 UTC","2025-01-23 15:17:42 UTC","2025-01-23 15:17:45 UTC","2025-01-23 15:17:46 UTC","2025-01-23 15:17:51 UTC","2025-01-23 15:17:53 UTC","2025-01-23 15:17:55 UTC","2025-01-23 15:17:58 UTC","","",,"cbc_q5",,,,"","",""
"1d89977619d2a385cc2c3d424302e3db","2025-01-23 22:13:34 UTC","15","2025-01-23 22:16:47 UTC",,,,,,,,,,,,,,"100",,,,,,,,,,,,,"","",,,,,"",,,,,,,,,,,,,,,,,,,,,,,,,,"2025-01-23 22:15:10 UTC",,,,,,,,,,,,,"","",,,,,,,,,,,,,,,,,,"2025-01-23 22:13:34 UTC","2025-01-23 22:15:00 UTC","2025-01-23 22:15:03 UTC","2025-01-23 22:15:05 UTC","2025-01-23 22:15:07 UTC","2025-01-23 22:15:12 UTC","2025-01-23 22:15:14 UTC","2025-01-23 22:15:16 UTC","2025-01-23 22:15:19 UTC","2025-01-23 22:15:22 UTC","2025-01-23 22:15:25 UTC","2025-01-23 22:15:28 UTC","2025-01-23 22:15:29 UTC","",,"cbc_q6",,,,"","",""
"c09be1555d5aca3cf3ea1172d7a7a86f","2025-01-23 22:20:35 UTC","12.5","2025-01-23 22:21:45 UTC",,,,,,,,,,,,,,"200",,,,,,,,,,,,,"","",,,,,"",,,,,,,,,,,,,,,,,,,,,,,,,,"2025-01-23 22:20:48 UTC",,,,,,,,,,,,,"","",,,,,,,,,,,,,,,,,,"2025-01-23 22:20:35 UTC","2025-01-23 22:20:37 UTC","2025-01-23 22:20:39 UTC","2025-01-23 22:20:42 UTC","2025-01-23 22:20:43 UTC","2025-01-23 22:20:50 UTC","2025-01-23 22:20:53 UTC","2025-01-23 22:20:54 UTC","2025-01-23 22:20:58 UTC","2025-01-23 22:21:01 UTC","2025-01-23 22:21:02 UTC","","","",,"cbc_q4",,,,"","",""
"e4248a7d2ca27c6d8059b89566c9e084","2025-01-23 22:21:45 UTC","10","2025-01-23 22:26:56 UTC",,,,,,,,,,,,,,"100",,,,,,,,,,,,,"","",,,,,"",,,,,,,,,,,,,,,,,,,,,,,,,,"2025-01-23 22:21:57 UTC",,,,,,,,,,,,,"","",,,,,,,,,,,,,,,,,,"2025-01-23 22:21:45 UTC","2025-01-23 22:21:47 UTC","2025-01-23 22:21:49 UTC","2025-01-23 22:21:52 UTC","2025-01-23 22:21:54 UTC","2025-01-23 22:21:59 UTC","2025-01-23 22:22:01 UTC","2025-01-23 22:22:02 UTC","2025-01-23 22:22:04 UTC","2025-01-23 22:22:05 UTC","2025-01-23 22:22:06 UTC","2025-01-23 22:22:10 UTC","","",,"cbc_q5",,,,"","",""
"f90afe2520c841ca488b0c0ba15b408f","2025-01-23 22:26:56 UTC","17.5","2025-01-23 22:26:58 UTC",,,,,,,,,,,,,,,,,,,,,,,,,,,"","",,,,,"",,,,,,,,,,,,,,,,,,,,,,,,,,"",,,,,,,,,,,,,"","",,,,,,,,,,,,,,,,,,"2025-01-23 22:26:56 UTC","","","","","","","","","","","","","",,"",,,,"","",""
"7af4cba6a5792f1e59196711fc052095","2025-01-23 22:27:09 UTC","17.5","2025-01-23 22:27:09 UTC",,,,,,,,,,,,,,,,,,,,,,,,,,,"","",,,,,"",,,,,,,,,,,,,,,,,,,,,,,,,,"",,,,,,,,,,,,,"","",,,,,,,,,,,,,,,,,,"2025-01-23 22:27:09 UTC","","","","","","","","","","","","","",,"",,,,"","",""
"5ca811a2df6d70e65b7cedb25126d1d3","2025-01-23 22:27:58 UTC","15","2025-01-23 22:27:58 UTC",,,,,,,,,,,,,,,,,,,,,,,,,,,"","",,,,,"",,,,,,,,,,,,,,,,,,,,,,,,,,"",,,,,,,,,,,,,"","",,,,,,,,,,,,,,,,,,"2025-01-23 22:27:58 UTC","","","","","","","","","","","","","",,"",,,,"","",""
"e43e5017fe26c8042d18c4f210357a3e","2025-01-23 22:29:23 UTC","15","2025-01-23 22:29:24 UTC",,,,,,,,,,,,,,,,,,,,,,,,,,,"","",,,,,"",,,,,,,,,,,,,,,,,,,,,,,,,,"",,,,,,,,,,,,,"","",,,,,,,,,,,,,,,,,,"2025-01-23 22:29:23 UTC","","","","","","","","","","","","","",,"",,,,"","",""
"b672abf1e0fb33fad3e2814df154f0c1","2025-01-23 22:30:22 UTC","20","2025-01-23 22:30:24 UTC",,,,,,,,,,,,,,,,,,,,,,,,,,,"","",,,,,"",,,,,,,,,,,,,,,,,,,,,,,,,,"",,,,,,,,,,,,,"","",,,,,,,,,,,,,,,,,,"2025-01-23 22:30:22 UTC","","","","","","","","","","","","","",,"",,,,"","",""
"a62c8fd757530ec011ba6326abb14788","2025-01-23 22:31:49 UTC","17.5","2025-01-23 22:32:30 UTC",,,,,,,,,,,,,,"1000",,,,,,,,,,,,,"","",,,,,"2025-01-23",,,,,,,,,,,,,,,,,,,,,,,,,,"2025-01-23 22:32:03 UTC",,,,,,,,,,,,,"","",,,,,,,,,,,,,,,,,,"2025-01-23 22:31:49 UTC","2025-01-23 22:31:55 UTC","2025-01-23 22:31:56 UTC","2025-01-23 22:31:59 UTC","2025-01-23 22:32:00 UTC","2025-01-23 22:32:06 UTC","2025-01-23 22:32:08 UTC","2025-01-23 22:32:09 UTC","2025-01-23 22:32:11 UTC","2025-01-23 22:32:14 UTC","2025-01-23 22:32:16 UTC","2025-01-23 22:32:19 UTC","2025-01-23 22:32:23 UTC","2025-01-23 22:32:25 UTC",,"page6",,,,"","",""
"e5632ba160ba747ff8eb4760cc47f65b","2025-01-24 15:30:35 UTC","5","2025-01-24 15:31:20 UTC",,,,,,,,,,,,,,"200",,,,,,,,,,,,,"","",,,,,"",,,,,,,,,,,,,,,,,,,,,,,,,,"2025-01-24 15:31:06 UTC",,,,,,,,,,,,,"","",,,,,,,,,,,,,,,,,,"2025-01-24 15:30:35 UTC","2025-01-24 15:30:39 UTC","2025-01-24 15:30:41 UTC","2025-01-24 15:30:43 UTC","2025-01-24 15:30:45 UTC","2025-01-24 15:31:09 UTC","2025-01-24 15:31:12 UTC","2025-01-24 15:31:14 UTC","2025-01-24 15:31:18 UTC","","","","","",,"cbc_q2",,,,"","car_small_3","2025-01-24 15:30:54 UTC"
"d35a5ca9d1c126cec057255d0c36df02","2025-01-24 15:32:41 UTC","15","2025-01-24 15:35:35 UTC",,,,,,,,,,,,,,"499",,,,,,,,,,,,,"option_2","",,,,,"",,,,,,,,,,,,,,,,,,,,,,,,,,"2025-01-24 15:35:19 UTC",,,,,,,,,,,,,"2025-01-24 15:35:28 UTC","",,,,,,,,,,,,,,,,,,"2025-01-24 15:32:41 UTC","2025-01-24 15:35:02 UTC","2025-01-24 15:35:05 UTC","2025-01-24 15:35:08 UTC","2025-01-24 15:35:10 UTC","2025-01-24 15:35:21 UTC","2025-01-24 15:35:23 UTC","2025-01-24 15:35:24 UTC","2025-01-24 15:35:30 UTC","2025-01-24 15:35:33 UTC","","","","",,"cbc_q3",,,,"","car_large_5","2025-01-24 15:35:15 UTC"
"b4459d32be9bc14af320428c8c3bfdae","2025-01-24 15:36:53 UTC","7.5","2025-01-24 15:38:19 UTC",,,,,,,,,,,,,,,,,,,,,,,,,,,"","",,,,,"",,,,,,,,,,,,,,,,,,,,,,,,,,"",,,,,,,,,,,,,"","",,,,,,,,,,,,,,,,,,"2025-01-24 15:36:53 UTC","2025-01-24 15:37:58 UTC","2025-01-24 15:37:59 UTC","2025-01-24 15:38:03 UTC","2025-01-24 15:38:05 UTC","","","","","","","","","",,"page3",,,,"","car_small_5","2025-01-24 15:38:08 UTC"
"ffe6eaf61e5ef8ae762138d3a7dcb281","2025-01-24 15:39:20 UTC","12.5","2025-01-24 15:40:37 UTC",,,,,,,,,,,,,,"999",,,,,,,,,,,,,"option_2","",,,,,"",,,,,,,,,,,,,,,,,,,,,,,,,,"2025-01-24 15:40:16 UTC",,,,,,,,,,,,,"2025-01-24 15:40:25 UTC","",,,,,,,,,,,,,,,,,,"2025-01-24 15:39:20 UTC","2025-01-24 15:39:34 UTC","2025-01-24 15:39:36 UTC","2025-01-24 15:39:40 UTC","2025-01-24 15:39:43 UTC","2025-01-24 15:40:18 UTC","2025-01-24 15:40:20 UTC","2025-01-24 15:40:21 UTC","2025-01-24 15:40:26 UTC","2025-01-24 15:40:28 UTC","2025-01-24 15:40:30 UTC","2025-01-24 15:40:32 UTC","2025-01-24 15:40:34 UTC","",,"cbc_q6",,,,"","suv_large_5","2025-01-24 15:40:04 UTC"
"12b3c7d12e8ef57f2f0d845eff5ab3f6","2025-01-27 19:13:15 UTC","15","","","","","","","","","","","","","","","","","","","","","","","","","","","","","","","","","","","","","","","","","","","","","","","","","","","","","","","","","","","","","","","","","","","","","","","","","","","","","","","","","","","","","","","","","","","","2025-01-27 19:13:15 UTC","","","","","","","","","","","","","","",,,,,,"",""
