"session_id","time_start","completion_code","respID","prime_group_label","time_end","next_veh_when","next_veh_market","next_veh_style","attention_check_toyota","household_veh_count","household_veh_fuel","charger_access","neighbor_ev_info","primary_veh_fuel","primary_veh_new_used","primary_veh_obtain_how","primary_veh_cost","primary_veh_payment","primary_veh_mpg","primary_veh_refuel","primary_veh_range","next_veh_budget","next_veh_payment","next_veh_fuel","next_veh_fuel_new_phev","next_veh_fuel_used_phev","next_veh_fuel_new_bev","next_veh_fuel_used_bev","next_veh_nobev","next_veh_car_images","next_veh_suv_images","vehicle_cbc_q0_button","vehicle_cbc_q1_button","vehicle_cbc_q2_button","vehicle_cbc_q3_button","vehicle_cbc_q4_button","vehicle_cbc_q5_button","vehicle_cbc_q6_button","battery_cbc_q0_button","battery_cbc_q1_button","battery_cbc_q2_button","battery_cbc_q3_button","battery_cbc_q4_button","battery_cbc_q5_button","battery_attribute","battery_attribute_veh_mile","battery_attribute_purchase_price","battery_attribute_battery_refurbish","battery_attribute_battery_health","run_on_gasoline","plugged_in","know_electric_vehicle","write_electric_name","max_subsidy","attitudes_1","attitudes_1_ev_norm","attitudes_1_ev_cost","attitudes_1_ev_environment","attitudes_1_ev_range","attitudes_1_ev_resale","attitudes_1_ev_price","attitudes_2","attitudes_2_ev_battery_environment","attitudes_2_v_battery_function","attitudes_2_attention_check_disagree","attitudes_2_price_sensitive","attitudes_2_tech_savvy","attitudes_2_risk_taker","birth_year","gender","ethnicity","race","hh_size","employment","hh_income","education","housing_type","housing_tenure","electric_bill","political_view","party_voting","climate_change","home_zipcode","attention_check_survey_content","time_q_next_veh_when","time_q_next_veh_market","time_q_next_veh_style","time_q_attention_check_toyota","time_q_household_veh_count","time_q_household_veh_fuel","time_q_charger_access","time_q_neighbor_ev_info","time_q_primary_veh_fuel","time_q_primary_veh_new_used","time_q_primary_veh_obtain_how","time_q_primary_veh_cost","time_q_primary_veh_payment","time_q_primary_veh_mpg","time_q_primary_veh_refuel","time_q_primary_veh_range","time_q_next_veh_budget","time_q_next_veh_payment","time_q_next_veh_fuel","time_q_next_veh_fuel_new_phev","time_q_next_veh_fuel_used_phev","time_q_next_veh_fuel_new_bev","time_q_next_veh_fuel_used_bev","time_q_next_veh_nobev","time_q_next_veh_car_images","time_q_next_veh_suv_images","time_q_vehicle_cbc_q0_button","time_q_vehicle_cbc_q1_button","time_q_vehicle_cbc_q2_button","time_q_vehicle_cbc_q3_button","time_q_vehicle_cbc_q4_button","time_q_vehicle_cbc_q5_button","time_q_vehicle_cbc_q6_button","time_q_battery_cbc_q0_button","time_q_battery_cbc_q1_button","time_q_battery_cbc_q2_button","time_q_battery_cbc_q3_button","time_q_battery_cbc_q4_button","time_q_battery_cbc_q5_button","time_q_battery_attribute","time_q_battery_attribute_veh_mile","time_q_battery_attribute_purchase_price","time_q_battery_attribute_battery_refurbish","time_q_battery_attribute_battery_health","time_q_run_on_gasoline","time_q_plugged_in","time_q_know_electric_vehicle","time_q_write_electric_name","time_q_max_subsidy","time_q_attitudes_1","time_q_attitudes_1_ev_norm","time_q_attitudes_1_ev_cost","time_q_attitudes_1_ev_environment","time_q_attitudes_1_ev_range","time_q_attitudes_1_ev_resale","time_q_attitudes_1_ev_price","time_q_attitudes_2","time_q_attitudes_2_ev_battery_environment","time_q_attitudes_2_v_battery_function","time_q_attitudes_2_attention_check_disagree","time_q_attitudes_2_price_sensitive","time_q_attitudes_2_tech_savvy","time_q_attitudes_2_risk_taker","time_q_birth_year","time_q_gender","time_q_ethnicity","time_q_race","time_q_hh_size","time_q_employment","time_q_hh_income","time_q_education","time_q_housing_type","time_q_housing_tenure","time_q_electric_bill","time_q_political_view","time_q_party_voting","time_q_climate_change","time_q_home_zipcode","time_q_attention_check_survey_content","time_p_welcome","time_p_consent","time_p_filter","time_p_household_veh","time_p_primary_veh","time_p_next_veh_info","time_p_next_veh_info_nobev","time_p_next_veh_style_car","time_p_next_veh_style_suv","time_p_cbc_intro","time_p_cbc_demo","time_p_vehicle_pageQ1_button","time_p_vehicle_pageQ2_button","time_p_vehicle_pageQ3_button","time_p_vehicle_pageQ4_button","time_p_vehicle_pageQ5_button","time_p_vehicle_pageQ6_button","time_p_battery_prime_short","time_p_battery_prime_long","time_p_battery_cbc_intro","time_p_battery_cbc_demo","time_p_battery_pageQ1_button","time_p_battery_pageQ2_button","time_p_battery_pageQ3_button","time_p_battery_pageQ4_button","time_p_battery_pageQ5_button","time_p_battery_pageQ6_button","time_p_battery_attribute_rank","time_p_ev_knowledge","time_p_attitudes_page1","time_p_attitudes_page2","time_p_individual_attribute","time_p_end","time_p_screenout","attitudes_1_a","attitudes_1_a_ev_norm","attitudes_1_a_ev_cost","attitudes_1_a_ev_environment","attitudes_1_b","attitudes_1_b_ev_range","attitudes_1_b_ev_resale","attitudes_1_b_ev_price","attitudes_2_a","attitudes_2_a_ev_battery_environment","attitudes_2_a_ev_battery_function","attitudes_2_a_attention_check_agree","attitudes_2_b","attitudes_2_b_price_sensitive","attitudes_2_b_tech_savvy","attitudes_2_b_risk_taker","time_q_attitudes_1_a","time_q_attitudes_1_a_ev_norm","time_q_attitudes_1_a_ev_cost","time_q_attitudes_1_a_ev_environment","time_q_attitudes_1_b","time_q_attitudes_1_b_ev_range","time_q_attitudes_1_b_ev_resale","time_q_attitudes_1_b_ev_price","time_q_attitudes_2_a","time_q_attitudes_2_a_ev_battery_environment","time_q_attitudes_2_a_ev_battery_function","time_q_attitudes_2_a_attention_check_agree","time_q_attitudes_2_b","time_q_attitudes_2_b_price_sensitive","time_q_attitudes_2_b_tech_savvy","time_q_attitudes_2_b_risk_taker","current_page"
"d4614821d6b510774539232ce5a245db","2025-07-08 21:02:18 UTC",7331223661,1614,"prime_short","2025-07-08 21:23:05 UTC",,"","",,,"","","","","","",,,,,,,"",,"","","","","","","","","","","","","","","","","","","","",,"","","","","","","","",,,,,,,,,,,,,,,,,"","","",,"",,"","","",,"","","",,"","","","",,"","","","","","","","","","","","","","",,"","","","","","","","","","","","","","","","","","","","",,"","","","","","","","","",,,,,,,,,,,,,,,"","","","","","","","","","","","","","","","","2025-07-08 21:02:18 UTC","","","","","","","","","","","","","","","","","","","","","","","","","","","","","","","","","",,"","","",,"","","",,"","","",,"","","",,"","","",,"","","",,"","","",,"","","",""
"02e288187f33cef10feae080b7bbcab3","2025-07-15 11:29:40 UTC",1151091347,3579,"prime_short","2025-07-15 11:31:33 UTC",,"","",,,"","","","","","",,,,,,,"",,"","","","","","","","","","","","","","","","","","","","",,"","","","","","","","",,,,,,,,,,,,,,,,,"","","",,"",,"","","",,"","","",,"","","","",,"","","","","","","","","","","","","","",,"","","","","","","","","","","","","","","","","","","","",,"","","","","","","","","",,,,,,,,,,,,,,,"","","","","","","","","","","","","","","","","2025-07-15 11:29:40 UTC","","","","","","","","","","","","","","","","","","","","","","","","","","","","","","","","","",,"","","",,"","","",,"","","",,"","","",,"","","",,"","","",,"","","",,"","","",""
"2da482ba9069d863643da444606c0c3b","2025-07-16 12:17:35 UTC",9388512626,333,"prime_short","2025-07-16 12:18:57 UTC",,"","",,,"","","","","","",,,,,,,"",,"","","","","","","","","","","","","","","","","","","","",,"","","","","","","","",,,,,,,,,,,,,,,,,"","","",,"",,"","","",,"","","",,"","","","",,"","","","","","","","","","","","","","",,"","","","","","","","","","","","","","","","","","","","",,"","","","","","","","","",,,,,,,,,,,,,,,"","","","","","","","","","","","","","","","","2025-07-16 12:17:35 UTC","","","","","","","","","","","","","","","","","","","","","","","","","","","","","","","","","",,"","","",,"","","",,"","","",,"","","",,"","","",,"","","",,"","","",,"","","",""
"a50c51d309bbd458c4f5829c6b55790b","2025-07-25 15:50:56 UTC",5193251958,895,"prime_long","2025-07-25 15:51:24 UTC",,"","",,,"","","","","","",,,,,,,"",,"","","","","","","","","","","","","","","","","","","","",,"","","","","","","","",,,,,,,,,,,,,,,,,"","","",,"",,"","","",,"","","",,"","","","",,"","","","","","","","","","","","","","",,"","","","","","","","","","","","","","","","","","","","",,"","","","","","","","","",,,,,,,,,,,,,,,"","","","","","","","","","","","","","","","","2025-07-25 15:50:56 UTC","","","","","","","","","","","","","","","","","","","","","","","","","","","","","","","","","",,"","","",,"","","",,"","","",,"","","",,"","","",,"","","",,"","","",,"","","",""
"5ef130737b7db3fdab87ebaea0c1c1c9","2025-07-25 15:51:36 UTC",1648384526,2210,"prime_long","2025-07-25 15:51:53 UTC",3,"used","Car / sedan / hatchback",,,"","","","","","",,,,,,,"",,"","","","","","","","","","","","","","","","","","","","",,"","","","","","","","",,,,,,,,,,,,,,,,,"","","",,"",,"","","",,"","","",,"","2025-07-25 15:51:43 UTC","2025-07-25 15:51:44 UTC","2025-07-25 15:51:45 UTC",,"","","","","","","","","","","","","","",,"","","","","","","","","","","","","","","","","","","","",,"","","","","","","","","",,,,,,,,,,,,,,,"","","","","","","","","","","","","","","","","2025-07-25 15:51:36 UTC","2025-07-25 15:51:39 UTC","2025-07-25 15:51:41 UTC","2025-07-25 15:51:46 UTC","","","","","","","","","","","","","","","","","","","","","","","","","","","","","","",,"","","",,"","","",,"","","",,"","","",,"","","",,"","","",,"","","",,"","","","household_veh"
"8d4d00bf95780497dd277cb650b5c6da","2025-07-25 15:51:53 UTC",8153662613,2210,"prime_long","2025-07-25 15:53:14 UTC",,"","",,,"","","","","","",,,,,,,"",,"","","","","","","","","","","","","","","","","","","","",,"","","","","","","","",,,,,,,,,,,,,,,,,"","","",,"",,"","","",,"","","",,"","","","",,"","","","","","","","","","","","","","",,"","","","","","","","","","","","","","","","","","","","",,"","","","","","","","","",,,,,,,,,,,,,,,"","","","","","","","","","","","","","","","","2025-07-25 15:51:53 UTC","","","","","","","","","","","","","","","","","","","","","","","","","","","","","","","","","",,"","","",,"","","",,"","","",,"","","",,"","","",,"","","",,"","","",,"","","",""
"05d9f7785638c71232957c7ff7feb4fc","2025-07-28 14:22:55 UTC",9410579314,235,"prime_short","2025-07-28 14:23:48 UTC",3,"used","Car / sedan / hatchback",,2,"icev","not_sure","not_sure","hev","used","bought_online",,,25,4,125,20000,"finance",,"neutral","neutral","neutral","neutral","","7_new_car_hatchback_compact_luxury","","","","","","","","","","","","","","",,"","","","","","","","",,,,,,,,,,,,,,,,,"","","",,"",,"","","",,"","","",,"","2025-07-28 14:23:04 UTC","2025-07-28 14:23:05 UTC","2025-07-28 14:23:06 UTC",,"2025-07-28 14:23:10 UTC","2025-07-28 14:23:11 UTC","2025-07-28 14:23:14 UTC","2025-07-28 14:23:15 UTC","2025-07-28 14:23:17 UTC","2025-07-28 14:23:18 UTC","2025-07-28 14:23:19 UTC","","","2025-07-28 14:23:20 UTC","2025-07-28 14:23:21 UTC","2025-07-28 14:23:23 UTC","2025-07-28 14:23:25 UTC","2025-07-28 14:23:26 UTC",,"2025-07-28 14:23:28 UTC","2025-07-28 14:23:28 UTC","2025-07-28 14:23:29 UTC","2025-07-28 14:23:30 UTC","","2025-07-28 14:23:32 UTC","","","","","","","","","","","","","","",,"","","","","","","","","",,,,,,,,,,,,,,,"","","","","","","","","","","","","","","","","2025-07-28 14:22:55 UTC","2025-07-28 14:23:01 UTC","2025-07-28 14:23:03 UTC","2025-07-28 14:23:07 UTC","2025-07-28 14:23:15 UTC","2025-07-28 14:23:24 UTC","","2025-07-28 14:23:30 UTC","","2025-07-28 14:23:32 UTC","2025-07-28 14:23:34 UTC","","","","","","","","","","","","","","","","","","","","","","","",,"","","",,"","","",,"","","",,"","","",,"","","",,"","","",,"","","",,"","","","cbc_demo"
"c9a9888d97a3a287cce2a0cd6d6f4846","2025-07-31 15:55:08 UTC",5530230065,2333,"prime_long","2025-07-31 15:58:39 UTC",3,"used","SUV / crossover",,2,"hev","no","no","hev","used","leased_dealership",25000,450,25,8,325,25000,"pay_full",,"somewhat_likely","somewhat_likely","somewhat_likely","somewhat_likely","","","8_new_suv_fullsize","option_2","option_2","option_2","option_2","option_2","option_2","option_2","option_2","option_3","option_3","option_3","option_3","option_3",,"very_important","very_important","very_important","very_important","phev","hev","no","",2500,,,,,,,,,,,,,,,,"","","",,"",,"","","",,"","","",,"","2025-07-31 15:55:56 UTC","2025-07-31 15:55:57 UTC","2025-07-31 15:55:59 UTC",,"2025-07-31 15:56:02 UTC","2025-07-31 15:56:02 UTC","2025-07-31 15:56:04 UTC","2025-07-31 15:56:05 UTC","2025-07-31 15:56:08 UTC","2025-07-31 15:56:10 UTC","2025-07-31 15:56:11 UTC","2025-07-31 15:56:13 UTC","2025-07-31 15:56:23 UTC","2025-07-31 15:56:15 UTC","2025-07-31 15:56:16 UTC","2025-07-31 15:56:18 UTC","2025-07-31 15:56:27 UTC","2025-07-31 15:56:28 UTC",,"2025-07-31 15:56:29 UTC","2025-07-31 15:56:30 UTC","2025-07-31 15:56:30 UTC","2025-07-31 15:56:31 UTC","","","2025-07-31 15:56:36 UTC","2025-07-31 15:56:40 UTC","2025-07-31 15:56:41 UTC","2025-07-31 15:56:43 UTC","2025-07-31 15:56:44 UTC","2025-07-31 15:56:45 UTC","2025-07-31 15:56:46 UTC","2025-07-31 15:56:47 UTC","2025-07-31 15:56:51 UTC","2025-07-31 15:56:53 UTC","2025-07-31 15:56:54 UTC","2025-07-31 15:56:55 UTC","2025-07-31 15:56:59 UTC","2025-07-31 15:56:57 UTC",,"2025-07-31 15:57:01 UTC","2025-07-31 15:57:02 UTC","2025-07-31 15:57:03 UTC","2025-07-31 15:57:03 UTC","2025-07-31 15:57:05 UTC","2025-07-31 15:57:06 UTC","2025-07-31 15:57:07 UTC","","2025-07-31 15:57:08 UTC",,,,,,,,,,,,,,,"","","","","","","","","","","","","","","","","2025-07-31 15:55:08 UTC","2025-07-31 15:55:53 UTC","2025-07-31 15:55:54 UTC","2025-07-31 15:55:59 UTC","2025-07-31 15:56:06 UTC","2025-07-31 15:56:25 UTC","","","2025-07-31 15:56:32 UTC","2025-07-31 15:56:36 UTC","2025-07-31 15:56:38 UTC","2025-07-31 15:56:40 UTC","2025-07-31 15:56:42 UTC","2025-07-31 15:56:43 UTC","2025-07-31 15:56:44 UTC","2025-07-31 15:56:45 UTC","2025-07-31 15:56:46 UTC","","2025-07-31 15:56:47 UTC","2025-07-31 15:56:49 UTC","2025-07-31 15:56:50 UTC","2025-07-31 15:56:52 UTC","2025-07-31 15:56:53 UTC","2025-07-31 15:56:55 UTC","2025-07-31 15:56:56 UTC","2025-07-31 15:56:57 UTC","2025-07-31 15:56:58 UTC","2025-07-31 15:56:59 UTC","2025-07-31 15:57:04 UTC","2025-07-31 15:57:09 UTC","","","","",,"strongly_agree","strongly_agree","",,"","","",,"","","",,"","","",,"2025-07-31 15:57:10 UTC","2025-07-31 15:57:12 UTC","",,"","","",,"","","",,"","","","attitudes_page1"
"0990ff24e7c2f3b1c158daf2c4778365","2025-07-31 16:16:26 UTC",2659488865,2488,"prime_short","2025-07-31 16:18:40 UTC",0,"used","SUV / crossover",,2,"icev","not_sure","not_sure","icev","used","bought_dealership",35000,550,,4,325,30000,"pay_full",,"somewhat_unlikely","somewhat_unlikely","somewhat_unlikely","somewhat_unlikely","test","","8_new_suv_fullsize","option_3","option_3","option_3","option_3","option_3","option_3","option_3","option_2","option_2","option_3","option_3","option_3","",,"","","","","","","","",,,,,,,,,,,,,,,,,"","","",,"",,"","","",,"","","",,"","2025-07-31 16:17:07 UTC","2025-07-31 16:17:08 UTC","2025-07-31 16:17:09 UTC",,"2025-07-31 16:17:12 UTC","2025-07-31 16:17:15 UTC","2025-07-31 16:17:17 UTC","2025-07-31 16:17:18 UTC","2025-07-31 16:17:27 UTC","2025-07-31 16:17:29 UTC","2025-07-31 16:17:37 UTC","2025-07-31 16:17:40 UTC","2025-07-31 16:17:43 UTC","","2025-07-31 16:17:46 UTC","2025-07-31 16:17:48 UTC","2025-07-31 16:17:52 UTC","2025-07-31 16:17:53 UTC",,"2025-07-31 16:17:56 UTC","2025-07-31 16:17:57 UTC","2025-07-31 16:17:57 UTC","2025-07-31 16:17:58 UTC","2025-07-31 16:18:07 UTC","","2025-07-31 16:18:10 UTC","2025-07-31 16:18:17 UTC","2025-07-31 16:18:20 UTC","2025-07-31 16:18:21 UTC","2025-07-31 16:18:23 UTC","2025-07-31 16:18:24 UTC","2025-07-31 16:18:26 UTC","2025-07-31 16:18:27 UTC","2025-07-31 16:18:31 UTC","2025-07-31 16:18:33 UTC","2025-07-31 16:18:35 UTC","2025-07-31 16:18:36 UTC","2025-07-31 16:18:38 UTC","",,"","","","","","","","","",,,,,,,,,,,,,,,"","","","","","","","","","","","","","","","","2025-07-31 16:16:26 UTC","2025-07-31 16:17:01 UTC","2025-07-31 16:17:03 UTC","2025-07-31 16:17:10 UTC","2025-07-31 16:17:24 UTC","2025-07-31 16:17:49 UTC","2025-07-31 16:17:59 UTC","","2025-07-31 16:18:07 UTC","2025-07-31 16:18:11 UTC","2025-07-31 16:18:14 UTC","2025-07-31 16:18:18 UTC","2025-07-31 16:18:20 UTC","2025-07-31 16:18:22 UTC","2025-07-31 16:18:23 UTC","2025-07-31 16:18:25 UTC","2025-07-31 16:18:26 UTC","2025-07-31 16:18:28 UTC","","2025-07-31 16:18:29 UTC","2025-07-31 16:18:30 UTC","2025-07-31 16:18:32 UTC","2025-07-31 16:18:34 UTC","2025-07-31 16:18:35 UTC","2025-07-31 16:18:37 UTC","2025-07-31 16:18:38 UTC","","","","","","","","",,"","","",,"","","",,"","","",,"","","",,"","","",,"","","",,"","","",,"","","","battery_pageQ5_button"
"1b41b8f8cce6effbaecfe2ef5797aeb1","2025-07-31 17:22:15 UTC",7128234184,71,"prime_short","2025-07-31 17:23:33 UTC",3,"used","Car / sedan / hatchback",,1,"icev","not_sure","not_sure","","used","bought_dealership",45000,450,,4,325,20000,"pay_full",,"neutral","neutral","neutral","neutral","","9_new_car_hatchback_subcompact_luxury","","option_3","option_3","option_3","option_2","option_3","","","","","","","","",,"","","","","","","","",,,,,,,,,,,,,,,,,"","","",,"",,"","","",,"","","",,"","2025-07-31 17:22:24 UTC","2025-07-31 17:22:25 UTC","2025-07-31 17:22:28 UTC",,"2025-07-31 17:22:30 UTC","2025-07-31 17:22:33 UTC","2025-07-31 17:22:34 UTC","2025-07-31 17:22:36 UTC","","2025-07-31 17:22:42 UTC","2025-07-31 17:22:44 UTC","2025-07-31 17:22:46 UTC","2025-07-31 17:22:48 UTC","","2025-07-31 17:22:53 UTC","2025-07-31 17:22:50 UTC","2025-07-31 17:22:58 UTC","2025-07-31 17:22:59 UTC",,"2025-07-31 17:23:01 UTC","2025-07-31 17:23:02 UTC","2025-07-31 17:23:03 UTC","2025-07-31 17:23:04 UTC","","2025-07-31 17:23:07 UTC","","2025-07-31 17:23:11 UTC","2025-07-31 17:23:26 UTC","2025-07-31 17:23:28 UTC","2025-07-31 17:23:29 UTC","2025-07-31 17:23:30 UTC","","","","","","","","",,"","","","","","","","","",,,,,,,,,,,,,,,"","","","","","","","","","","","","","","","","2025-07-31 17:22:15 UTC","2025-07-31 17:22:22 UTC","2025-07-31 17:22:23 UTC","2025-07-31 17:22:29 UTC","2025-07-31 17:22:37 UTC","2025-07-31 17:22:54 UTC","","2025-07-31 17:23:04 UTC","","2025-07-31 17:23:07 UTC","2025-07-31 17:23:10 UTC","2025-07-31 17:23:22 UTC","2025-07-31 17:23:27 UTC","2025-07-31 17:23:28 UTC","2025-07-31 17:23:30 UTC","2025-07-31 17:23:31 UTC","","","","","","","","","","","","","","","","","","",,"","","",,"","","",,"","","",,"","","",,"","","",,"","","",,"","","",,"","","","vehicle_pageQ5_button"
"2c41432d96e9aa2b6748b3d498ee9f18","2025-07-31 18:36:45 UTC",4609805179,2594,"prime_long","2025-07-31 18:36:49 UTC",,"","",,,"","","","","","",,,,,,,"",,"","","","","","","","","","","","","","","","","","","","",,"","","","","","","","",,,,,,,,,,,,,,,,,"","","",,"",,"","","",,"","","",,"","","","",,"","","","","","","","","","","","","","",,"","","","","","","","","","","","","","","","","","","","",,"","","","","","","","","",,,,,,,,,,,,,,,"","","","","","","","","","","","","","","","","2025-07-31 18:36:45 UTC","","","","","","","","","","","","","","","","","","","","","","","","","","","","","","","","","",,"","","",,"","","",,"","","",,"","","",,"","","",,"","","",,"","","",,"","","",""
"9161e5cd140acd6ea5e036e98862fc18","2025-07-31 18:42:15 UTC",3099470374,2173,"prime_long","2025-07-31 18:47:00 UTC",3,"used","Car / sedan / hatchback",,1,"icev","no","no","","used","bought_dealership",45000,350,,2,325,30000,"pay_full",,"very_likely","very_likely","very_likely","very_likely","","8_new_car_sedan_midsize","","option_3","option_3","option_3","option_3","option_3","option_3","option_3","option_3","option_3","","","","",,"","","","","","","","",,,,,,,,,,,,,,,,,"","","",,"",,"","","",,"","","",,"","2025-07-31 18:42:27 UTC","2025-07-31 18:42:28 UTC","2025-07-31 18:42:30 UTC",,"2025-07-31 18:42:32 UTC","2025-07-31 18:45:14 UTC","2025-07-31 18:45:15 UTC","2025-07-31 18:45:18 UTC","","2025-07-31 18:45:21 UTC","2025-07-31 18:45:23 UTC","2025-07-31 18:45:26 UTC","2025-07-31 18:45:28 UTC","","2025-07-31 18:45:30 UTC","2025-07-31 18:45:34 UTC","2025-07-31 18:45:39 UTC","2025-07-31 18:45:39 UTC",,"2025-07-31 18:45:41 UTC","2025-07-31 18:45:42 UTC","2025-07-31 18:45:42 UTC","2025-07-31 18:45:43 UTC","","2025-07-31 18:45:46 UTC","","2025-07-31 18:45:50 UTC","2025-07-31 18:45:52 UTC","2025-07-31 18:45:53 UTC","2025-07-31 18:45:54 UTC","2025-07-31 18:45:55 UTC","2025-07-31 18:45:57 UTC","2025-07-31 18:45:58 UTC","2025-07-31 18:46:23 UTC","2025-07-31 18:46:54 UTC","","","","",,"","","","","","","","","",,,,,,,,,,,,,,,"","","","","","","","","","","","","","","","","2025-07-31 18:42:15 UTC","2025-07-31 18:42:24 UTC","2025-07-31 18:42:26 UTC","2025-07-31 18:42:30 UTC","2025-07-31 18:45:19 UTC","2025-07-31 18:45:36 UTC","","2025-07-31 18:45:43 UTC","","2025-07-31 18:45:46 UTC","2025-07-31 18:45:48 UTC","2025-07-31 18:45:51 UTC","2025-07-31 18:45:52 UTC","2025-07-31 18:45:53 UTC","2025-07-31 18:45:55 UTC","2025-07-31 18:45:56 UTC","2025-07-31 18:45:58 UTC","","2025-07-31 18:45:59 UTC","2025-07-31 18:46:02 UTC","2025-07-31 18:46:04 UTC","2025-07-31 18:46:28 UTC","2025-07-31 18:46:56 UTC","","","","","","","","","","","",,"","","",,"","","",,"","","",,"","","",,"","","",,"","","",,"","","",,"","","","battery_pageQ2_button"
"09dbbf84699e5530d4689247997fffda","2025-07-31 19:03:07 UTC",6208812504,1413,"prime_long","2025-07-31 19:06:00 UTC",3,"used","SUV / crossover",,1,"icev","not_sure","not_sure","","new","bought_dealership",65000,450,,4,275,20000,"finance",,"very_likely","very_likely","very_likely","very_likely","","","4_new_crossover_midsize","option_2","option_2","option_3","option_2","option_2","option_2","option_2","option_2","option_2","option_2","option_2","option_3","option_2",,"","","","","","","","",,,,,,,,,,,,,,,,,"","","",,"",,"","","",,"","","",,"","2025-07-31 19:03:18 UTC","2025-07-31 19:03:20 UTC","2025-07-31 19:03:21 UTC",,"2025-07-31 19:03:24 UTC","2025-07-31 19:03:25 UTC","2025-07-31 19:03:27 UTC","2025-07-31 19:03:28 UTC","","2025-07-31 19:03:34 UTC","2025-07-31 19:03:33 UTC","2025-07-31 19:03:35 UTC","2025-07-31 19:03:37 UTC","","2025-07-31 19:03:39 UTC","2025-07-31 19:03:40 UTC","2025-07-31 19:03:43 UTC","2025-07-31 19:03:44 UTC",,"2025-07-31 19:03:46 UTC","2025-07-31 19:03:45 UTC","2025-07-31 19:03:48 UTC","2025-07-31 19:03:49 UTC","","","2025-07-31 19:03:53 UTC","2025-07-31 19:03:58 UTC","2025-07-31 19:04:07 UTC","2025-07-31 19:04:08 UTC","2025-07-31 19:04:09 UTC","2025-07-31 19:04:10 UTC","2025-07-31 19:04:11 UTC","2025-07-31 19:04:12 UTC","2025-07-31 19:04:54 UTC","2025-07-31 19:05:15 UTC","2025-07-31 19:05:17 UTC","2025-07-31 19:05:19 UTC","2025-07-31 19:05:33 UTC","2025-07-31 19:05:32 UTC",,"","","","","","","","","",,,,,,,,,,,,,,,"","","","","","","","","","","","","","","","","2025-07-31 19:03:07 UTC","2025-07-31 19:03:15 UTC","2025-07-31 19:03:17 UTC","2025-07-31 19:03:22 UTC","2025-07-31 19:03:29 UTC","2025-07-31 19:03:41 UTC","","","2025-07-31 19:03:50 UTC","2025-07-31 19:03:53 UTC","2025-07-31 19:03:55 UTC","2025-07-31 19:04:06 UTC","2025-07-31 19:04:07 UTC","2025-07-31 19:04:09 UTC","2025-07-31 19:04:10 UTC","2025-07-31 19:04:11 UTC","2025-07-31 19:04:12 UTC","","2025-07-31 19:04:13 UTC","2025-07-31 19:04:15 UTC","2025-07-31 19:04:17 UTC","2025-07-31 19:04:55 UTC","2025-07-31 19:05:16 UTC","2025-07-31 19:05:18 UTC","2025-07-31 19:05:19 UTC","2025-07-31 19:05:31 UTC","2025-07-31 19:05:33 UTC","","","","","","","",,"","","",,"","","",,"","","",,"","","",,"","","",,"","","",,"","","",,"","","","battery_pageQ6_button"
"901baa72eb8f658476a226f34ebd02a8","2025-07-31 19:10:01 UTC",6322325839,2583,"prime_long","2025-07-31 19:13:41 UTC",3,"used","Car / sedan / hatchback",,1,"icev","not_sure","not_sure","","new","bought_dealership",35000,350,,4,275,25000,"pay_full",,"neutral","neutral","neutral","neutral","","1_new_car_sedan_compact","","option_2","option_2","option_2","option_2","option_2","option_2","option_2","option_3","option_2","option_3","option_3","option_3","option_3",,"moderately_important","moderately_important","moderately_important","moderately_important","phev","bev","yes","test",5000,,,,,,,,,,,,,,,,"","","",,"",,"","","",,"","","",,"","2025-07-31 19:11:52 UTC","2025-07-31 19:11:53 UTC","2025-07-31 19:11:54 UTC",,"2025-07-31 19:11:57 UTC","2025-07-31 19:11:58 UTC","2025-07-31 19:12:01 UTC","2025-07-31 19:12:00 UTC","","2025-07-31 19:12:03 UTC","2025-07-31 19:12:06 UTC","2025-07-31 19:12:08 UTC","2025-07-31 19:12:09 UTC","","2025-07-31 19:12:10 UTC","2025-07-31 19:12:12 UTC","2025-07-31 19:12:16 UTC","2025-07-31 19:12:16 UTC",,"2025-07-31 19:12:18 UTC","2025-07-31 19:12:19 UTC","2025-07-31 19:12:19 UTC","2025-07-31 19:12:20 UTC","","2025-07-31 19:12:22 UTC","","2025-07-31 19:12:26 UTC","2025-07-31 19:12:33 UTC","2025-07-31 19:12:34 UTC","2025-07-31 19:12:34 UTC","2025-07-31 19:12:35 UTC","2025-07-31 19:12:36 UTC","2025-07-31 19:12:37 UTC","2025-07-31 19:12:49 UTC","2025-07-31 19:12:56 UTC","2025-07-31 19:12:58 UTC","2025-07-31 19:12:59 UTC","2025-07-31 19:13:02 UTC","2025-07-31 19:13:01 UTC",,"2025-07-31 19:13:04 UTC","2025-07-31 19:13:05 UTC","2025-07-31 19:13:05 UTC","2025-07-31 19:13:05 UTC","2025-07-31 19:13:07 UTC","2025-07-31 19:13:08 UTC","2025-07-31 19:13:10 UTC","2025-07-31 19:13:13 UTC","2025-07-31 19:13:13 UTC",,,,,,,,,,,,,,,"","","","","","","","","","","","","","","","","2025-07-31 19:10:01 UTC","2025-07-31 19:11:48 UTC","2025-07-31 19:11:51 UTC","2025-07-31 19:11:55 UTC","2025-07-31 19:12:02 UTC","2025-07-31 19:12:13 UTC","","2025-07-31 19:12:20 UTC","","2025-07-31 19:12:23 UTC","2025-07-31 19:12:25 UTC","2025-07-31 19:12:32 UTC","2025-07-31 19:12:33 UTC","2025-07-31 19:12:34 UTC","2025-07-31 19:12:35 UTC","2025-07-31 19:12:35 UTC","2025-07-31 19:12:36 UTC","","2025-07-31 19:12:38 UTC","2025-07-31 19:12:39 UTC","2025-07-31 19:12:40 UTC","2025-07-31 19:12:56 UTC","2025-07-31 19:12:57 UTC","2025-07-31 19:12:58 UTC","2025-07-31 19:12:59 UTC","2025-07-31 19:13:00 UTC","2025-07-31 19:13:01 UTC","2025-07-31 19:13:02 UTC","2025-07-31 19:13:06 UTC","2025-07-31 19:13:14 UTC","2025-07-31 19:13:22 UTC","","","2025-07-31 19:13:30 UTC",,"somewhat_disagree","somewhat_disagree","somewhat_disagree",,"somewhat_disagree","somewhat_disagree","somewhat_disagree",,"somewhat_disagree","somewhat_disagree","somewhat_disagree",,"somewhat_disagree","somewhat_disagree","somewhat_disagree",,"2025-07-31 19:13:16 UTC","2025-07-31 19:13:16 UTC","2025-07-31 19:13:17 UTC",,"2025-07-31 19:13:20 UTC","2025-07-31 19:13:21 UTC","2025-07-31 19:13:21 UTC",,"2025-07-31 19:13:25 UTC","2025-07-31 19:13:24 UTC","2025-07-31 19:13:26 UTC",,"2025-07-31 19:13:27 UTC","2025-07-31 19:13:29 UTC","2025-07-31 19:13:30 UTC","screenout"
"96a461b32a1f3696066dc9b48eac9271","2025-07-31 19:48:32 UTC",4006789728,1120,"prime_long","2025-07-31 19:59:12 UTC",0,"used","SUV / crossover",,1,"icev","not_sure","not_sure","","new","bought_dealership",45000,450,,4,275,25000,"finance",,"somewhat_likely","somewhat_likely","somewhat_likely","somewhat_likely","","","3_new_suv_fullsize","option_1","option_2","option_2","option_2","option_2","option_2","option_2","option_3","option_3","option_3","option_2","option_1","option_3",,"important","important","important","important","hev","bev","no","",7500,,,,,,,,,,,,,,,2005,"female","no","pacific_islander",2,"looking_for_work",105000,"college_more","apart_2","rent",250,"moderate","republican","a_little",19178,"test","2025-07-31 19:56:02 UTC","2025-07-31 19:56:05 UTC","2025-07-31 19:56:07 UTC",,"2025-07-31 19:56:09 UTC","2025-07-31 19:56:12 UTC","2025-07-31 19:56:13 UTC","2025-07-31 19:56:13 UTC","","2025-07-31 19:56:17 UTC","2025-07-31 19:56:18 UTC","2025-07-31 19:56:21 UTC","2025-07-31 19:56:23 UTC","","2025-07-31 19:56:25 UTC","2025-07-31 19:56:26 UTC","2025-07-31 19:56:31 UTC","2025-07-31 19:56:31 UTC",,"2025-07-31 19:56:36 UTC","2025-07-31 19:56:37 UTC","2025-07-31 19:56:38 UTC","2025-07-31 19:56:38 UTC","","","2025-07-31 19:56:41 UTC","2025-07-31 19:56:47 UTC","2025-07-31 19:56:50 UTC","2025-07-31 19:56:51 UTC","2025-07-31 19:56:52 UTC","2025-07-31 19:56:53 UTC","2025-07-31 19:56:54 UTC","2025-07-31 19:56:55 UTC","2025-07-31 19:57:03 UTC","2025-07-31 19:57:05 UTC","2025-07-31 19:57:12 UTC","2025-07-31 19:57:16 UTC","2025-07-31 19:57:33 UTC","2025-07-31 19:57:28 UTC",,"2025-07-31 19:57:37 UTC","2025-07-31 19:57:37 UTC","2025-07-31 19:57:38 UTC","2025-07-31 19:57:39 UTC","2025-07-31 19:57:46 UTC","2025-07-31 19:57:48 UTC","2025-07-31 19:57:50 UTC","","2025-07-31 19:57:51 UTC",,,,,,,,,,,,,,,"2025-07-31 19:58:42 UTC","2025-07-31 19:58:43 UTC","2025-07-31 19:58:45 UTC","2025-07-31 19:58:46 UTC","2025-07-31 19:58:48 UTC","2025-07-31 19:58:49 UTC","2025-07-31 19:58:50 UTC","2025-07-31 19:58:53 UTC","2025-07-31 19:58:54 UTC","2025-07-31 19:58:55 UTC","2025-07-31 19:58:57 UTC","2025-07-31 19:58:56 UTC","2025-07-31 19:58:58 UTC","2025-07-31 19:58:59 UTC","2025-07-31 19:59:05 UTC","2025-07-31 19:59:09 UTC","2025-07-31 19:48:32 UTC","2025-07-31 19:55:59 UTC","2025-07-31 19:56:01 UTC","2025-07-31 19:56:07 UTC","2025-07-31 19:56:14 UTC","2025-07-31 19:56:28 UTC","","","2025-07-31 19:56:39 UTC","2025-07-31 19:56:41 UTC","2025-07-31 19:56:44 UTC","2025-07-31 19:56:48 UTC","2025-07-31 19:56:50 UTC","2025-07-31 19:56:52 UTC","2025-07-31 19:56:53 UTC","2025-07-31 19:56:54 UTC","2025-07-31 19:56:55 UTC","","2025-07-31 19:56:56 UTC","2025-07-31 19:56:57 UTC","2025-07-31 19:56:58 UTC","2025-07-31 19:57:04 UTC","2025-07-31 19:57:10 UTC","2025-07-31 19:57:13 UTC","2025-07-31 19:57:17 UTC","2025-07-31 19:57:24 UTC","2025-07-31 19:57:30 UTC","2025-07-31 19:57:33 UTC","2025-07-31 19:57:39 UTC","2025-07-31 19:57:52 UTC","2025-07-31 19:58:16 UTC","2025-07-31 19:58:38 UTC","2025-07-31 19:59:09 UTC","",,"neutral","somewhat_agree","somewhat_agree",,"somewhat_agree","somewhat_agree","somewhat_agree",,"somewhat_agree","somewhat_agree","strongly_agree",,"strongly_agree","somewhat_disagree","somewhat_agree",,"2025-07-31 19:57:59 UTC","2025-07-31 19:58:02 UTC","2025-07-31 19:58:03 UTC",,"2025-07-31 19:58:06 UTC","2025-07-31 19:58:14 UTC","2025-07-31 19:58:16 UTC",,"2025-07-31 19:58:21 UTC","2025-07-31 19:58:24 UTC","2025-07-31 19:58:27 UTC",,"2025-07-31 19:58:31 UTC","2025-07-31 19:58:35 UTC","2025-07-31 19:58:37 UTC","end"
"f3968a01cb8980576784505a9dba8084","2025-07-31 23:31:10 UTC",9922426509,861,"prime_short","2025-07-31 23:35:28 UTC",3,"used","Car / sedan / hatchback",,1,"icev","no","not_sure","","used","bought_private",25000,0,,4,225,25000,"pay_full",,"somewhat_likely","somewhat_likely","somewhat_likely","somewhat_likely","","8_new_car_sedan_midsize","","option_1","option_2","option_2","option_2","option_2","option_2","option_2","option_3","option_2","option_1","option_1","option_2","option_3",,"important","important","very_important","very_important","hev, phev","phev, bev","no","",7500,,,,,,,,,,,,,,,2001,"non_binary","no","do_not_know",3,"part_time",65000,"bachelor","apart_2","rent",150,"moderate","democratic","a_little",19234,"Test","2025-07-31 23:31:20 UTC","2025-07-31 23:31:21 UTC","2025-07-31 23:31:22 UTC",,"2025-07-31 23:31:26 UTC","2025-07-31 23:31:28 UTC","2025-07-31 23:31:30 UTC","2025-07-31 23:31:32 UTC","","2025-07-31 23:31:37 UTC","2025-07-31 23:31:39 UTC","2025-07-31 23:31:41 UTC","2025-07-31 23:31:44 UTC","","2025-07-31 23:31:47 UTC","2025-07-31 23:31:48 UTC","2025-07-31 23:31:55 UTC","2025-07-31 23:31:55 UTC",,"2025-07-31 23:32:00 UTC","2025-07-31 23:32:01 UTC","2025-07-31 23:32:07 UTC","2025-07-31 23:32:07 UTC","","2025-07-31 23:32:10 UTC","","2025-07-31 23:32:20 UTC","2025-07-31 23:32:27 UTC","2025-07-31 23:32:35 UTC","2025-07-31 23:32:39 UTC","2025-07-31 23:32:43 UTC","2025-07-31 23:32:48 UTC","2025-07-31 23:32:49 UTC","2025-07-31 23:32:57 UTC","2025-07-31 23:33:12 UTC","2025-07-31 23:33:20 UTC","2025-07-31 23:33:24 UTC","2025-07-31 23:33:38 UTC","2025-07-31 23:33:36 UTC",,"2025-07-31 23:33:42 UTC","2025-07-31 23:33:44 UTC","2025-07-31 23:33:46 UTC","2025-07-31 23:33:48 UTC","2025-07-31 23:33:57 UTC","2025-07-31 23:34:01 UTC","2025-07-31 23:34:03 UTC","","2025-07-31 23:34:04 UTC",,,,,,,,,,,,,,,"2025-07-31 23:34:44 UTC","2025-07-31 23:34:46 UTC","2025-07-31 23:34:47 UTC","2025-07-31 23:34:49 UTC","2025-07-31 23:34:51 UTC","2025-07-31 23:34:53 UTC","2025-07-31 23:34:58 UTC","2025-07-31 23:35:01 UTC","2025-07-31 23:35:06 UTC","2025-07-31 23:35:07 UTC","2025-07-31 23:35:10 UTC","2025-07-31 23:35:11 UTC","2025-07-31 23:35:13 UTC","2025-07-31 23:35:16 UTC","2025-07-31 23:35:21 UTC","2025-07-31 23:35:24 UTC","2025-07-31 23:31:10 UTC","2025-07-31 23:31:17 UTC","2025-07-31 23:31:18 UTC","2025-07-31 23:31:24 UTC","2025-07-31 23:31:33 UTC","2025-07-31 23:31:49 UTC","","2025-07-31 23:32:08 UTC","","2025-07-31 23:32:11 UTC","2025-07-31 23:32:15 UTC","2025-07-31 23:32:22 UTC","2025-07-31 23:32:29 UTC","2025-07-31 23:32:35 UTC","2025-07-31 23:32:42 UTC","2025-07-31 23:32:46 UTC","2025-07-31 23:32:48 UTC","2025-07-31 23:32:50 UTC","","2025-07-31 23:32:52 UTC","2025-07-31 23:32:53 UTC","2025-07-31 23:33:00 UTC","2025-07-31 23:33:13 UTC","2025-07-31 23:33:21 UTC","2025-07-31 23:33:25 UTC","2025-07-31 23:33:33 UTC","2025-07-31 23:33:36 UTC","2025-07-31 23:33:39 UTC","2025-07-31 23:33:48 UTC","2025-07-31 23:34:05 UTC","2025-07-31 23:34:24 UTC","2025-07-31 23:34:40 UTC","2025-07-31 23:35:25 UTC","",,"neutral","somewhat_agree","somewhat_agree",,"strongly_agree","somewhat_agree","strongly_agree",,"neutral","neutral","strongly_agree",,"strongly_agree","somewhat_agree","somewhat_agree",,"2025-07-31 23:34:10 UTC","2025-07-31 23:34:11 UTC","2025-07-31 23:34:14 UTC",,"2025-07-31 23:34:18 UTC","2025-07-31 23:34:22 UTC","2025-07-31 23:34:23 UTC",,"2025-07-31 23:34:28 UTC","2025-07-31 23:34:30 UTC","2025-07-31 23:34:33 UTC",,"2025-07-31 23:34:36 UTC","2025-07-31 23:34:38 UTC","2025-07-31 23:34:40 UTC","end"
"c07b15ec048e65172ff1d4e256b2bc0e","2025-08-01 00:12:18 UTC",8490439728,327,"prime_short","2025-08-01 00:16:37 UTC",3,"used","SUV / crossover",,2,"icev","no","not_sure","icev","new","bought_dealership",35000,350,,4,275,25000,"pay_full",,"somewhat_likely","somewhat_likely","somewhat_likely","somewhat_likely","","","8_new_suv_fullsize","option_1","option_2","option_3","option_1","option_2","option_3","option_1","option_3","option_2","option_1","option_2","option_1","option_2",,"important","very_important","important","very_important","hev, phev","phev, bev","no","",10000,,,,,,,,,,,,,,,1996,"nonconforming","no","do_not_know",2,"part_time",75000,"postgraduate","apart_2","rent",150,"liberal","republican","moderate",19145,"test","2025-08-01 00:12:27 UTC","2025-08-01 00:12:28 UTC","2025-08-01 00:12:29 UTC",,"2025-08-01 00:12:33 UTC","2025-08-01 00:12:37 UTC","2025-08-01 00:12:39 UTC","2025-08-01 00:12:40 UTC","2025-08-01 00:12:44 UTC","2025-08-01 00:12:45 UTC","2025-08-01 00:12:46 UTC","2025-08-01 00:12:49 UTC","2025-08-01 00:12:52 UTC","","2025-08-01 00:12:54 UTC","2025-08-01 00:12:55 UTC","2025-08-01 00:13:01 UTC","2025-08-01 00:13:01 UTC",,"2025-08-01 00:13:03 UTC","2025-08-01 00:13:03 UTC","2025-08-01 00:13:05 UTC","2025-08-01 00:13:05 UTC","","","2025-08-01 00:13:08 UTC","2025-08-01 00:13:18 UTC","2025-08-01 00:13:25 UTC","2025-08-01 00:13:36 UTC","2025-08-01 00:13:44 UTC","2025-08-01 00:13:50 UTC","2025-08-01 00:13:55 UTC","2025-08-01 00:14:03 UTC","2025-08-01 00:14:13 UTC","2025-08-01 00:14:28 UTC","2025-08-01 00:14:47 UTC","2025-08-01 00:14:55 UTC","2025-08-01 00:15:05 UTC","2025-08-01 00:15:01 UTC",,"2025-08-01 00:15:09 UTC","2025-08-01 00:15:12 UTC","2025-08-01 00:15:14 UTC","2025-08-01 00:15:16 UTC","2025-08-01 00:15:20 UTC","2025-08-01 00:15:23 UTC","2025-08-01 00:15:25 UTC","","2025-08-01 00:15:26 UTC",,,,,,,,,,,,,,,"2025-08-01 00:16:04 UTC","2025-08-01 00:16:06 UTC","2025-08-01 00:16:07 UTC","2025-08-01 00:16:09 UTC","2025-08-01 00:16:11 UTC","2025-08-01 00:16:13 UTC","2025-08-01 00:16:16 UTC","2025-08-01 00:16:19 UTC","2025-08-01 00:16:21 UTC","2025-08-01 00:16:22 UTC","2025-08-01 00:16:24 UTC","2025-08-01 00:16:26 UTC","2025-08-01 00:16:27 UTC","2025-08-01 00:16:28 UTC","2025-08-01 00:16:31 UTC","2025-08-01 00:16:34 UTC","2025-08-01 00:12:18 UTC","2025-08-01 00:12:24 UTC","2025-08-01 00:12:26 UTC","2025-08-01 00:12:30 UTC","2025-08-01 00:12:41 UTC","2025-08-01 00:12:56 UTC","","","2025-08-01 00:13:06 UTC","2025-08-01 00:13:09 UTC","2025-08-01 00:13:11 UTC","2025-08-01 00:13:20 UTC","2025-08-01 00:13:25 UTC","2025-08-01 00:13:37 UTC","2025-08-01 00:13:46 UTC","2025-08-01 00:13:51 UTC","2025-08-01 00:13:59 UTC","2025-08-01 00:14:03 UTC","","2025-08-01 00:14:05 UTC","2025-08-01 00:14:07 UTC","2025-08-01 00:14:14 UTC","2025-08-01 00:14:30 UTC","2025-08-01 00:14:52 UTC","2025-08-01 00:14:56 UTC","2025-08-01 00:14:59 UTC","2025-08-01 00:15:02 UTC","2025-08-01 00:15:06 UTC","2025-08-01 00:15:17 UTC","2025-08-01 00:15:27 UTC","2025-08-01 00:15:44 UTC","2025-08-01 00:16:00 UTC","2025-08-01 00:16:35 UTC","",,"neutral","somewhat_agree","somewhat_agree",,"strongly_agree","somewhat_agree","strongly_agree",,"somewhat_agree","somewhat_agree","strongly_agree",,"strongly_agree","somewhat_agree","somewhat_agree",,"2025-08-01 00:15:33 UTC","2025-08-01 00:15:32 UTC","2025-08-01 00:15:36 UTC",,"2025-08-01 00:15:38 UTC","2025-08-01 00:15:40 UTC","2025-08-01 00:15:43 UTC",,"2025-08-01 00:15:54 UTC","2025-08-01 00:15:51 UTC","2025-08-01 00:15:47 UTC",,"2025-08-01 00:15:57 UTC","2025-08-01 00:15:58 UTC","2025-08-01 00:15:59 UTC","end"
"b2c99800e64d4550125001a0fed26252","2025-08-04 15:15:22 UTC",8481224826,1313,"prime_short","2025-08-04 15:15:26 UTC",,"","",,,"","","","","","",,,,,,,"",,"","","","","","","","","","","","","","","","","","","","",,"","","","","","","","",,,,,,,,,,,,,,,,,"","","",,"",,"","","",,"","","",,"","","","",,"","","","","","","","","","","","","","",,"","","","","","","","","","","","","","","","","","","","",,"","","","","","","","","",,,,,,,,,,,,,,,"","","","","","","","","","","","","","","","","2025-08-04 15:15:22 UTC","","","","","","","","","","","","","","","","","","","","","","","","","","","","","","","","","",,"","","",,"","","",,"","","",,"","","",,"","","",,"","","",,"","","",,"","","",""
"8ca6e7fe19c17c34de5fa1f3040ae78f","2025-08-04 15:18:34 UTC",2488096035,702,"prime_long","2025-08-04 15:23:52 UTC",3,"used","SUV / crossover",,1,"hev","not_sure","not_sure","","used","bought_private",55000,350,,4,325,40000,"pay_full",,"somewhat_likely","somewhat_likely","somewhat_likely","somewhat_likely","","","7_new_crossover_subcompact","option_2","option_2","option_2","option_2","","","","","","","","","",,"","","","","","","","",,,,,,,,,,,,,,,,,"","","",,"",,"","","",,"","","",,"","2025-08-04 15:20:04 UTC","2025-08-04 15:20:05 UTC","2025-08-04 15:20:07 UTC",,"2025-08-04 15:20:10 UTC","2025-08-04 15:20:13 UTC","2025-08-04 15:20:18 UTC","2025-08-04 15:20:17 UTC","","2025-08-04 15:20:21 UTC","2025-08-04 15:23:07 UTC","2025-08-04 15:23:11 UTC","2025-08-04 15:23:13 UTC","","2025-08-04 15:23:15 UTC","2025-08-04 15:23:17 UTC","2025-08-04 15:23:22 UTC","2025-08-04 15:23:23 UTC",,"2025-08-04 15:23:25 UTC","2025-08-04 15:23:25 UTC","2025-08-04 15:23:26 UTC","2025-08-04 15:23:27 UTC","","","2025-08-04 15:23:31 UTC","2025-08-04 15:23:38 UTC","2025-08-04 15:23:42 UTC","2025-08-04 15:23:44 UTC","2025-08-04 15:23:49 UTC","","","","","","","","","",,"","","","","","","","","",,,,,,,,,,,,,,,"","","","","","","","","","","","","","","","","2025-08-04 15:18:34 UTC","2025-08-04 15:19:23 UTC","2025-08-04 15:20:01 UTC","2025-08-04 15:20:08 UTC","2025-08-04 15:20:19 UTC","2025-08-04 15:23:17 UTC","","","2025-08-04 15:23:28 UTC","2025-08-04 15:23:32 UTC","2025-08-04 15:23:34 UTC","2025-08-04 15:23:39 UTC","2025-08-04 15:23:43 UTC","2025-08-04 15:23:46 UTC","2025-08-04 15:23:50 UTC","","","","","","","","","","","","","","","","","","","",,"","","",,"","","",,"","","",,"","","",,"","","",,"","","",,"","","",,"","","","vehicle_pageQ4_button"
"89fa597c8c7697fc263657a0bdbd9d78","2025-08-04 15:30:00 UTC",9974788470,420,"prime_short","",3,"used","Car / sedan / hatchback",,2,"icev","not_sure","not_sure","hev","new","bought_online",,,35,4,375,20000,"pay_full",,"somewhat_likely","somewhat_likely","somewhat_likely","somewhat_likely","","9_new_car_hatchback_subcompact_luxury","","option_2","option_3","option_2","","","","","","","","","","",,"","","","","","","","",,,,,,,,,,,,,,,,,"","","",,"",,"","","",,"","","",,"","2025-08-04 15:30:19 UTC","2025-08-04 15:30:22 UTC","2025-08-04 15:30:23 UTC",,"2025-08-04 15:30:26 UTC","2025-08-04 15:30:28 UTC","2025-08-04 15:30:29 UTC","2025-08-04 15:30:30 UTC","2025-08-04 15:30:32 UTC","2025-08-04 15:30:34 UTC","2025-08-04 15:30:35 UTC","","","2025-08-04 15:30:38 UTC","2025-08-04 15:30:39 UTC","2025-08-04 15:30:41 UTC","2025-08-04 15:30:44 UTC","2025-08-04 15:30:44 UTC",,"2025-08-04 15:30:46 UTC","2025-08-04 15:30:47 UTC","2025-08-04 15:30:47 UTC","2025-08-04 15:30:47 UTC","","2025-08-04 15:30:50 UTC","","2025-08-04 15:30:53 UTC","2025-08-04 15:30:55 UTC","2025-08-04 15:30:56 UTC","","","","","","","","","","",,"","","","","","","","","",,,,,,,,,,,,,,,"","","","","","","","","","","","","","","","","2025-08-04 15:30:00 UTC","2025-08-04 15:30:16 UTC","2025-08-04 15:30:18 UTC","2025-08-04 15:30:24 UTC","2025-08-04 15:30:30 UTC","2025-08-04 15:30:42 UTC","","2025-08-04 15:30:48 UTC","","2025-08-04 15:30:50 UTC","2025-08-04 15:30:52 UTC","2025-08-04 15:30:54 UTC","2025-08-04 15:30:55 UTC","2025-08-04 15:30:56 UTC","","","","","","","","","","","","","","","","","","","","",,"","","",,"","","",,"","","",,"","","",,"","","",,"","","",,"","","",,"","","","vehicle_pageQ3_button"
"2685bec5a9c319c49a18024dbcc8b837","2025-08-04 15:32:12 UTC",9786573511,212,"prime_long","2025-08-04 15:32:28 UTC",3,"used","",,,"","","","","","",,,,,,,"",,"","","","","","","","","","","","","","","","","","","","",,"","","","","","","","",,,,,,,,,,,,,,,,,"","","",,"",,"","","",,"","","",,"","2025-08-04 15:32:21 UTC","2025-08-04 15:32:23 UTC","",,"","","","","","","","","","","","","","",,"","","","","","","","","","","","","","","","","","","","",,"","","","","","","","","",,,,,,,,,,,,,,,"","","","","","","","","","","","","","","","","2025-08-04 15:32:12 UTC","2025-08-04 15:32:17 UTC","2025-08-04 15:32:19 UTC","","","","","","","","","","","","","","","","","","","","","","","","","","","","","","","",,"","","",,"","","",,"","","",,"","","",,"","","",,"","","",,"","","",,"","","","filter"
"2d3533174322260882d6710e5414cf58","2025-08-04 18:14:21 UTC",1840587238,2445,"prime_short","",,"","",,,"","","","","","",,,,,,,"",,"","","","","","","","","","","","","","","","","","","","",,"","","","","","","","",,,,,,,,,,,,,,,,,"","","",,"",,"","","",,"","","",,"","","","",,"","","","","","","","","","","","","","",,"","","","","","","","","","","","","","","","","","","","",,"","","","","","","","","",,,,,,,,,,,,,,,"","","","","","","","","","","","","","","","","2025-08-04 18:14:21 UTC","","","","","","","","","","","","","","","","","","","","","","","","","","","","","","","","","",,"","","",,"","","",,"","","",,"","","",,"","","",,"","","",,"","","",,"","","",""
"f1e544461017828ca7b3f09ba5f1622f","2025-08-04 20:51:58 UTC",1874214099,87,"prime_long","2025-08-04 20:55:04 UTC",3,"used","SUV / crossover",,1,"hev","not_sure","not_sure","","new","bought_dealership",45000,350,,4,275,20000,"finance",,"somewhat_likely","somewhat_likely","somewhat_likely","somewhat_likely","","","9_new_crossover_compact","option_3","option_3","option_3","option_3","option_3","option_3","option_3","option_3","option_1","option_2","option_3","option_1","option_2",,"important","very_important","very_important","very_important","hev, phev","phev, bev","no","",7500,,,,,,,,,,,,,,,1995,"male","no","asian",2,"part_time",45000,"postgraduate","apart_5","rent",150,"moderate","democratic","moderate",19785,"Test","2025-08-04 20:52:08 UTC","2025-08-04 20:52:09 UTC","2025-08-04 20:52:10 UTC",,"2025-08-04 20:52:13 UTC","2025-08-04 20:52:15 UTC","2025-08-04 20:52:19 UTC","2025-08-04 20:52:20 UTC","","2025-08-04 20:52:23 UTC","2025-08-04 20:52:24 UTC","2025-08-04 20:52:26 UTC","2025-08-04 20:52:35 UTC","","2025-08-04 20:52:28 UTC","2025-08-04 20:52:29 UTC","2025-08-04 20:52:38 UTC","2025-08-04 20:52:39 UTC",,"2025-08-04 20:52:41 UTC","2025-08-04 20:52:42 UTC","2025-08-04 20:52:42 UTC","2025-08-04 20:52:43 UTC","","","2025-08-04 20:52:45 UTC","2025-08-04 20:52:50 UTC","2025-08-04 20:52:53 UTC","2025-08-04 20:52:55 UTC","2025-08-04 20:52:56 UTC","2025-08-04 20:52:57 UTC","2025-08-04 20:52:58 UTC","2025-08-04 20:52:59 UTC","2025-08-04 20:53:09 UTC","2025-08-04 20:53:17 UTC","2025-08-04 20:53:20 UTC","2025-08-04 20:53:22 UTC","2025-08-04 20:53:29 UTC","2025-08-04 20:53:27 UTC",,"2025-08-04 20:53:31 UTC","2025-08-04 20:53:34 UTC","2025-08-04 20:53:37 UTC","2025-08-04 20:53:37 UTC","2025-08-04 20:53:43 UTC","2025-08-04 20:53:48 UTC","2025-08-04 20:53:49 UTC","","2025-08-04 20:53:50 UTC",,,,,,,,,,,,,,,"2025-08-04 20:54:31 UTC","2025-08-04 20:54:33 UTC","2025-08-04 20:54:34 UTC","2025-08-04 20:54:36 UTC","2025-08-04 20:54:37 UTC","2025-08-04 20:54:39 UTC","2025-08-04 20:54:41 UTC","2025-08-04 20:54:44 UTC","2025-08-04 20:54:46 UTC","2025-08-04 20:54:47 UTC","2025-08-04 20:54:51 UTC","2025-08-04 20:54:52 UTC","2025-08-04 20:54:54 UTC","2025-08-04 20:54:55 UTC","2025-08-04 20:54:59 UTC","2025-08-04 20:55:02 UTC","2025-08-04 20:51:58 UTC","2025-08-04 20:52:04 UTC","2025-08-04 20:52:06 UTC","2025-08-04 20:52:11 UTC","2025-08-04 20:52:20 UTC","2025-08-04 20:52:36 UTC","","","2025-08-04 20:52:43 UTC","2025-08-04 20:52:46 UTC","2025-08-04 20:52:47 UTC","2025-08-04 20:52:51 UTC","2025-08-04 20:52:54 UTC","2025-08-04 20:52:55 UTC","2025-08-04 20:52:57 UTC","2025-08-04 20:52:58 UTC","2025-08-04 20:52:59 UTC","","2025-08-04 20:53:00 UTC","2025-08-04 20:53:01 UTC","2025-08-04 20:53:02 UTC","2025-08-04 20:53:10 UTC","2025-08-04 20:53:18 UTC","2025-08-04 20:53:20 UTC","2025-08-04 20:53:22 UTC","2025-08-04 20:53:25 UTC","2025-08-04 20:53:27 UTC","2025-08-04 20:53:30 UTC","2025-08-04 20:53:38 UTC","2025-08-04 20:53:51 UTC","2025-08-04 20:54:11 UTC","2025-08-04 20:54:25 UTC","2025-08-04 20:55:02 UTC","",,"neutral","neutral","neutral",,"strongly_agree","somewhat_agree","strongly_agree",,"somewhat_agree","somewhat_agree","strongly_agree",,"strongly_agree","neutral","somewhat_agree",,"2025-08-04 20:53:54 UTC","2025-08-04 20:53:58 UTC","2025-08-04 20:54:00 UTC",,"2025-08-04 20:54:05 UTC","2025-08-04 20:54:11 UTC","2025-08-04 20:54:10 UTC",,"2025-08-04 20:54:18 UTC","2025-08-04 20:54:17 UTC","2025-08-04 20:54:13 UTC",,"2025-08-04 20:54:21 UTC","2025-08-04 20:54:23 UTC","2025-08-04 20:54:25 UTC","end"
"6d0ef2dae4a06b088304e879a2c2d692","2025-08-04 20:58:08 UTC",8931677284,1049,"prime_short","2025-08-04 20:59:25 UTC",3,"used","Car / sedan / hatchback",,2,"icev","not_sure","not_sure","icev","new","bought_dealership",45000,250,,4,325,30000,"pay_full",,"somewhat_likely","somewhat_likely","somewhat_likely","somewhat_likely","","2_new_car_hatchback_subcompact","","option_2","option_3","option_3","option_3","option_3","option_3","option_3","option_3","","","","","",,"","","","","","","","",,,,,,,,,,,,,,,,,"","","",,"",,"","","",,"","","",,"","2025-08-04 20:58:17 UTC","2025-08-04 20:58:18 UTC","2025-08-04 20:58:19 UTC",,"2025-08-04 20:58:22 UTC","2025-08-04 20:58:24 UTC","2025-08-04 20:58:25 UTC","2025-08-04 20:58:26 UTC","2025-08-04 20:58:30 UTC","2025-08-04 20:58:31 UTC","2025-08-04 20:58:39 UTC","2025-08-04 20:58:43 UTC","2025-08-04 20:58:45 UTC","","2025-08-04 20:58:47 UTC","2025-08-04 20:58:48 UTC","2025-08-04 20:58:53 UTC","2025-08-04 20:58:53 UTC",,"2025-08-04 20:58:54 UTC","2025-08-04 20:58:56 UTC","2025-08-04 20:58:56 UTC","2025-08-04 20:58:57 UTC","","2025-08-04 20:59:00 UTC","","2025-08-04 20:59:07 UTC","2025-08-04 20:59:10 UTC","2025-08-04 20:59:11 UTC","2025-08-04 20:59:13 UTC","2025-08-04 20:59:14 UTC","2025-08-04 20:59:15 UTC","2025-08-04 20:59:16 UTC","2025-08-04 20:59:21 UTC","","","","","",,"","","","","","","","","",,,,,,,,,,,,,,,"","","","","","","","","","","","","","","","","2025-08-04 20:58:08 UTC","2025-08-04 20:58:13 UTC","2025-08-04 20:58:15 UTC","2025-08-04 20:58:20 UTC","2025-08-04 20:58:27 UTC","2025-08-04 20:58:50 UTC","","2025-08-04 20:58:58 UTC","","2025-08-04 20:59:01 UTC","2025-08-04 20:59:03 UTC","2025-08-04 20:59:08 UTC","2025-08-04 20:59:11 UTC","2025-08-04 20:59:12 UTC","2025-08-04 20:59:13 UTC","2025-08-04 20:59:14 UTC","2025-08-04 20:59:15 UTC","2025-08-04 20:59:16 UTC","","2025-08-04 20:59:18 UTC","2025-08-04 20:59:19 UTC","2025-08-04 20:59:23 UTC","","","","","","","","","","","","",,"","","",,"","","",,"","","",,"","","",,"","","",,"","","",,"","","",,"","","","battery_pageQ1_button"
