Submission id,Participant id,Status,Custom study tncs accepted at,Started at,Completed at,Reviewed at,Archived at,Time taken,Completion code,Total approvals,Primary language,Car usage,Age,Sex,Ethnicity simplified,Country of birth,Country of residence,Nationality,Language,Student status,Employment status
6942cb2c4a27a0631c43d144,66114844b8efff4b2af276ec,RETURNED,Not Applicable,2025-12-17T15:24:32.364000Z,,,2025-12-17T21:55:58.032571Z,,,4347,CONSENT_REVOKED,CONSENT_REVOKED,CONSENT_REVOKED,CONSENT_REVOKED,CONSENT_REVOKED,CONSENT_REVOKED,CONSENT_REVOKED,CONSENT_REVOKED,CONSENT_REVOKED,CONSENT_REVOKED,CONSENT_REVOKED
6942cb34668b1ca09211c9ce,60778db7ed3bae21972be1b4,APPROVED,Not Applicable,2025-12-17T15:25:03.745000Z,2025-12-17T15:51:41.892000Z,2025-12-17T22:05:19.845000Z,2025-12-17T15:51:42.298666Z,1599.0,4575362333,3164,English,Yes,56,Female,Black,United States,United States,United States,English,No,Full-Time
6942cb3bd7f7fcd58d75350d,65c1101b2b6edf21082420d5,APPROVED,Not Applicable,2025-12-17T15:27:24.325000Z,2025-12-17T15:44:18.397000Z,2025-12-17T22:05:20.096000Z,2025-12-17T15:44:18.744299Z,1015.0,1155311862,4607,English,Yes,46,Female,Black,United States,United States,United States,English,Yes,Full-Time
6942cb5a3d6e31f657698d44,675a5ad39c319c39e7753011,SCREENED OUT,Not Applicable,2025-12-17T15:25:18.949000Z,2025-12-17T15:25:52.094000Z,,2025-12-17T15:25:52.322138Z,34.0,C1N42823,7380,English,Yes,38,Male,White,United States,United States,United States,English,DATA_EXPIRED,DATA_EXPIRED
6942cb920e1491f95c79b9ff,66b410222681531f50b06b85,APPROVED,Not Applicable,2025-12-17T15:26:17.135000Z,2025-12-17T15:43:31.930000Z,2025-12-17T22:08:14.756000Z,2025-12-17T15:43:32.315805Z,1035.0,8501949130,2801,English,Yes,41,Male,White,United States,United States,United States,English,DATA_EXPIRED,Full-Time
6942cbde48c9c85dae3ec46d,664b700b38e720bf4c02dfd7,APPROVED,Not Applicable,2025-12-17T15:27:32.123000Z,2025-12-17T15:41:29.386000Z,2025-12-17T22:08:44.499000Z,2025-12-17T15:41:29.728563Z,838.0,6917536896,1519,English,Yes,38,Female,White,United States,United States,United States,English,DATA_EXPIRED,DATA_EXPIRED
6942cbf0d7fadb3e9d1f4c24,664dfa7dc9b2a0473cacdd81,RETURNED,Not Applicable,2025-12-17T15:27:49.148000Z,2025-12-17T15:36:46.939000Z,,2025-12-18T12:55:24.533844Z,,3480612254,4576,CONSENT_REVOKED,CONSENT_REVOKED,CONSENT_REVOKED,CONSENT_REVOKED,CONSENT_REVOKED,CONSENT_REVOKED,CONSENT_REVOKED,CONSENT_REVOKED,CONSENT_REVOKED,CONSENT_REVOKED,CONSENT_REVOKED
6942cc4b81f13176c54718a1,6548f960db60a00d76e92695,SCREENED OUT,Not Applicable,2025-12-17T15:29:19.832000Z,2025-12-17T15:29:31.745000Z,,2025-12-17T15:29:31.964333Z,12.0,C1N42823,11031,English,Yes,53,Male,White,United States,United States,United States,English,No,Full-Time
6942cc8d1b8a2ecf9367f7b0,62a099bb01ad779df1971ea4,APPROVED,Not Applicable,2025-12-17T15:30:27.160000Z,2025-12-17T15:40:25.797000Z,2025-12-17T22:05:20.348000Z,2025-12-17T15:40:26.206907Z,599.0,1916470653,9763,English,Yes,63,Female,White,United States,United States,United States,English,No,Full-Time
6942cca60008e5b6f62aec1a,677ef55582632a4221d6b212,SCREENED OUT,Not Applicable,2025-12-17T15:30:50.585000Z,2025-12-17T15:31:49.426000Z,,2025-12-17T15:31:49.654874Z,59.0,C1N42823,785,English,Yes,25,Female,White,United States,United States,United States,English,DATA_EXPIRED,"Not in paid work (e.g. homemaker', 'retired or disabled)"
6942ccb59a5c6e7eb297668c,5e84f59e965b290c42fad433,APPROVED,Not Applicable,2025-12-17T15:31:09.150000Z,2025-12-17T15:38:08.542000Z,2025-12-17T22:05:20.607000Z,2025-12-17T15:38:08.879519Z,420.0,7077803101,2855,English,Yes,24,Male,White,United States,United States,United States,English,No,Full-Time
6942ccfb83d2794eca6c02eb,665a22b5473f6a3b6a7d119e,APPROVED,Not Applicable,2025-12-17T15:32:15.675000Z,2025-12-17T15:39:59.937000Z,2025-12-17T22:09:59.047000Z,2025-12-17T15:40:00.338150Z,465.0,4494908323,1558,English,Yes,32,Female,White,United States,United States,United States,English,No,Full-Time
6942cd0f2eaef7964b00fb07,580cab86b869700001d71628,SCREENED OUT,Not Applicable,2025-12-17T15:32:34.431000Z,2025-12-17T15:33:00.736000Z,,2025-12-17T15:33:00.969901Z,27.0,C1N42823,10615,English,Yes,62,Female,White,United States,United States,United States,English,Yes,Other
6942cd2109f696a080712516,6726c70622b97e6722fa53d8,APPROVED,Not Applicable,2025-12-17T15:32:53.674000Z,2025-12-17T15:44:34.466000Z,2025-12-17T22:05:20.853000Z,2025-12-17T15:44:34.802580Z,701.0,4003679201,7064,English,Yes,66,Female,White,United States,United States,United States,English,No,Part-Time
6942cd671c08ddbf4f8dc734,5c1ffe5295f978000173df84,APPROVED,Not Applicable,2025-12-17T15:34:04.094000Z,2025-12-17T15:43:24.620000Z,2025-12-17T22:05:21.123000Z,2025-12-17T15:43:25.757631Z,561.0,4416720762,4873,English,Yes,67,Male,White,United States,United States,United States,English,No,"Not in paid work (e.g. homemaker', 'retired or disabled)"
6942ce1603ccaa05ee1f5fbc,67647a6f150f0ed3725ef4dc,SCREENED OUT,Not Applicable,2025-12-17T15:36:58.766000Z,2025-12-17T15:37:31.884000Z,,2025-12-17T15:37:32.104825Z,34.0,C1N42823,738,English,Yes,24,Male,White,United States,United States,United States,English,No,Full-Time
6942cff7fae2d4c8ff9500a5,6777d289f3eaa43bfd9c878c,SCREENED OUT,Not Applicable,2025-12-17T15:45:03.903000Z,2025-12-17T15:46:01.518000Z,,2025-12-17T15:46:01.756712Z,58.0,C1N42823,4516,English,Yes,34,Male,White,United States,United States,United States,English,No,Unemployed (and job seeking)
6942d0113a006787c9b81b9f,62ed458d61ebd1930833e95a,SCREENED OUT,Not Applicable,2025-12-17T15:45:25.086000Z,2025-12-17T15:46:16.744000Z,,2025-12-17T15:46:16.963714Z,52.0,C1N42823,9226,English,Yes,61,Male,White,United States,United States,United States,English,No,Part-Time
6942d03a468b502d250ca5a3,5df97abeabec5d6fcbbc764d,SCREENED OUT,Not Applicable,2025-12-17T15:46:07.998000Z,2025-12-17T15:48:05Z,,2025-12-17T15:48:05.237566Z,118.0,C1N42823,2188,English,Yes,73,Female,White,United States,United States,United States,English,No,"Not in paid work (e.g. homemaker', 'retired or disabled)"
6942d0706b5f0ede1a952fac,632dd45fb49858b31338c11c,APPROVED,Not Applicable,2025-12-17T15:47:00.171000Z,2025-12-17T15:54:51.247000Z,2025-12-17T22:05:21.398000Z,2025-12-17T15:54:51.624823Z,472.0,9148492273,8415,English,Yes,44,Male,White,United States,United States,United States,English,No,Full-Time
6942d0e9835d7d61b3693620,66294a4e95c789c953636280,SCREENED OUT,Not Applicable,2025-12-17T15:49:01.251000Z,2025-12-17T15:50:35.453000Z,,2025-12-17T15:50:35.692900Z,95.0,C1N42823,3069,English,Yes,50,Female,White,United States,United States,United States,English,No,Part-Time
6942d1417bcea7fddcfd1364,67291fecd7b792dbe483dc89,APPROVED,Not Applicable,2025-12-17T15:50:27.776000Z,2025-12-17T16:06:23.883000Z,2025-12-17T22:05:21.682000Z,2025-12-17T16:06:24.247476Z,957.0,6948858164,4794,English,Yes,42,Male,Asian,Korea,United States,United States,Korean,No,Full-Time
6942d162347927c0009299f9,65293fa9b73b0edd4fd93b95,SCREENED OUT,Not Applicable,2025-12-17T15:51:01.208000Z,2025-12-17T15:51:28.303000Z,,2025-12-17T15:51:28.549602Z,28.0,C1N42823,5722,English,Yes,31,Female,White,United States,United States,United States,English,No,Full-Time
6942d16b50999273073185f2,67340fe4ca936ce317905731,APPROVED,Not Applicable,2025-12-17T15:51:12.889000Z,2025-12-17T16:07:03.263000Z,2025-12-17T22:11:18.636000Z,2025-12-17T16:07:03.652006Z,951.0,1734601400,1247,English,Yes,30,Female,White,United States,United States,United States,English,No,Part-Time
6942d20dd1b08e69b8fd29a1,559d303cfdf99b7e7408f0c2,APPROVED,Not Applicable,2025-12-17T15:54:14.756000Z,2025-12-17T16:10:51.872000Z,2025-12-17T22:05:21.940000Z,2025-12-17T16:10:52.267645Z,998.0,7512898460,4192,English,Yes,62,Female,White,United States,United States,United States,English,No,"Not in paid work (e.g. homemaker', 'retired or disabled)"
6942d23f2cddf0588089bb7a,671d0a511d7089c757cf2dcd,APPROVED,Not Applicable,2025-12-17T15:54:43.747000Z,2025-12-17T16:01:46.852000Z,2025-12-17T22:05:22.228000Z,2025-12-17T16:01:47.174851Z,424.0,2554992654,2801,English,Yes,52,Female,Mixed,United States,United States,United States,English,No,Full-Time
6942d2587ef9cc5edea14434,5d88db42c1d06e001a1fdcab,APPROVED,Not Applicable,2025-12-17T15:55:11.028000Z,2025-12-17T16:06:25.071000Z,2025-12-17T22:05:22.499000Z,2025-12-17T16:06:25.421597Z,675.0,3474849316,19040,English,Yes,51,Female,White,United States,United States,United States,English,No,Full-Time
6942d25e2412bf337ee0b8e2,6713eeea64ca1fb59cbcbce4,APPROVED,Not Applicable,2025-12-17T15:55:14.475000Z,2025-12-17T16:07:44.660000Z,2025-12-17T22:12:21.513000Z,2025-12-17T16:07:45.028300Z,751.0,5301568329,4390,English,Yes,46,Male,White,United States,United States,United States,English,No,Part-Time
6942d2869795c6bd99f53ae3,67177dc558c22e03d6799712,SCREENED OUT,Not Applicable,2025-12-17T15:55:58.816000Z,2025-12-17T15:56:53.044000Z,,2025-12-17T15:56:53.312943Z,55.0,C1N42823,660,English,Yes,51,Male,White,United States,United States,Italy,English,No,Full-Time
6942d3cdf75a287c2eefd608,62e05742fafd80b3f0c2e20b,APPROVED,Not Applicable,2025-12-17T16:01:23.633000Z,2025-12-17T16:13:40.498000Z,2025-12-17T22:05:22.805000Z,2025-12-17T16:13:40.869936Z,737.0,2801925501,6714,English,Yes,24,Male,Black,United States,United States,United States,English,DATA_EXPIRED,Part-Time
6942d44259fb445867560a32,5e1fc8d45427912f6143b012,SCREENED OUT,Not Applicable,2025-12-17T16:03:20.003000Z,2025-12-17T16:03:48.329000Z,,2025-12-17T16:03:48.557918Z,29.0,C1N42823,9911,English,Yes,62,Female,White,United States,United States,United States,English,No,Full-Time
6942d4dc08882700dffab728,5d23460ad4c57900192b129c,APPROVED,Not Applicable,2025-12-17T16:05:54.611000Z,2025-12-17T16:18:43.381000Z,2025-12-17T22:05:23.064000Z,2025-12-17T16:18:43.723543Z,769.0,6026412540,7680,English,Yes,38,Female,White,United States,United States,United States,English,No,Full-Time
6942d5b62593064856dc399a,671ce7ade7a5cd2edc847b94,SCREENED OUT,Not Applicable,2025-12-17T16:19:00.519000Z,2025-12-17T16:21:43.653000Z,,2025-12-17T16:21:43.913682Z,164.0,C1N42823,2068,English,Yes,29,Male,Black,United States,United States,United States,English,No,Full-Time
6942d5c99795c6bd99f53b53,661ea8a98784eadb074c7d79,APPROVED,Not Applicable,2025-12-17T16:09:48.376000Z,2025-12-17T16:20:23.294000Z,2025-12-17T22:05:23.318000Z,2025-12-17T16:20:23.647618Z,635.0,4230603266,369,English,Yes,25,Female,White,United States,United States,United States,English,DATA_EXPIRED,DATA_EXPIRED
6942d63bf4d8d51ae6d72a72,6722791fac231101f4a89c8d,APPROVED,Not Applicable,2025-12-17T16:11:42.813000Z,2025-12-17T16:25:08.587000Z,2025-12-17T22:05:23.570000Z,2025-12-17T16:25:08.923177Z,806.0,4477440674,3314,English,Yes,54,Female,White,United States,United States,United States,English,No,Full-Time
6942d6a46208286a65ba514d,6941bafa7c7d02f8cd476089,SCREENED OUT,Not Applicable,2025-12-17T16:13:27.876000Z,2025-12-17T16:13:58.563000Z,,2025-12-17T16:13:58.795154Z,31.0,C1N42823,11,English,Yes,30,Male,White,United States,United States,United States,English,No,Full-Time
6942d6c00af662259c76766c,5c6c597c42e33400019c72a5,SCREENED OUT,Not Applicable,2025-12-17T16:13:55.818000Z,2025-12-17T16:15:39.419000Z,,2025-12-17T16:15:39.675606Z,104.0,C1N42823,9599,English,Yes,63,Female,White,United States,United States,United States,English,No,Full-Time
6942d6c341ee26a68658bba8,60e49c6274c1be146fa85140,SCREENED OUT,Not Applicable,2025-12-17T16:13:59.057000Z,2025-12-17T16:14:25.919000Z,,2025-12-17T16:14:26.149161Z,27.0,C1N42823,3712,English,Yes,33,Female,White,United States,United States,United States,English,No,Full-Time
6942d6cc23e5365f0714aa83,5d83140cc554400001289ff1,RETURNED,Not Applicable,2025-12-17T16:14:09.029000Z,,,2025-12-17T21:55:58.032370Z,,,1967,CONSENT_REVOKED,CONSENT_REVOKED,CONSENT_REVOKED,CONSENT_REVOKED,CONSENT_REVOKED,CONSENT_REVOKED,CONSENT_REVOKED,CONSENT_REVOKED,CONSENT_REVOKED,CONSENT_REVOKED,CONSENT_REVOKED
6942d764cb03363c0fe0b9bb,67720b01971068c3f4c6fa95,APPROVED,Not Applicable,2025-12-17T16:16:39.866000Z,2025-12-17T16:27:38.633000Z,2025-12-17T22:05:23.847000Z,2025-12-17T16:27:38.996490Z,659.0,1746317275,2045,English,Yes,32,Male,Black,United States,United States,United States,English,Yes,Full-Time
6942d7704a5703f0dc0c5f7f,6636db94fa3ed150c2d78447,APPROVED,Not Applicable,2025-12-17T16:16:51.220000Z,2025-12-17T16:25:45.137000Z,2025-12-17T22:05:24.118000Z,2025-12-17T16:25:45.499205Z,534.0,1965916760,4427,English,Yes,27,Male,White,United States,United States,United States,English,DATA_EXPIRED,Part-Time
6942d79868066f95b4587800,62b9e94484e7ffb27d90f991,APPROVED,Not Applicable,2025-12-17T16:17:31.780000Z,2025-12-17T16:31:32.080000Z,2025-12-17T22:12:21.891000Z,2025-12-17T16:31:32.423434Z,841.0,1289799867,631,English,Yes,33,Male,Mixed,United States,United States,United States,English,No,"Not in paid work (e.g. homemaker', 'retired or disabled)"
6942d83abe1c169d7592531f,5b523bdc608e18000184d8a6,SCREENED OUT,Not Applicable,2025-12-17T16:20:14.546000Z,2025-12-17T16:20:57.377000Z,,2025-12-17T16:20:57.727701Z,43.0,C1N42823,1894,English,Yes,27,Male,White,United States,United States,United States,English,No,Part-Time
6942d86a965683fb9f1efb8b,5f32aab12a9f82000854c3ea,RETURNED,Not Applicable,2025-12-17T16:23:12.435000Z,,,2025-12-17T21:55:58.035492Z,,,6845,CONSENT_REVOKED,CONSENT_REVOKED,CONSENT_REVOKED,CONSENT_REVOKED,CONSENT_REVOKED,CONSENT_REVOKED,CONSENT_REVOKED,CONSENT_REVOKED,CONSENT_REVOKED,CONSENT_REVOKED,CONSENT_REVOKED
6942d876229f194a187c1af9,5e84bd7c34d5d9072128fac1,APPROVED,Not Applicable,2025-12-17T16:21:12.566000Z,2025-12-17T16:33:41.479000Z,2025-12-17T22:05:24.392000Z,2025-12-17T16:33:42.528118Z,749.0,4929173793,9378,English,Yes,38,Male,White,United States,United States,United States,English,No,DATA_EXPIRED
6942d8874a5703f0dc0c5f92,672675b43041ee0d6eb749f8,SCREENED OUT,Not Applicable,2025-12-17T16:21:30.811000Z,2025-12-17T16:22:14.777000Z,,2025-12-17T16:22:15.011995Z,44.0,C1N42823,6347,English,Yes,36,Male,White,United States,United States,United States,English,No,Full-Time
6942dcc4260519d321b1f6e7,642f6ac1b10ead55a45175ab,SCREENED OUT,Not Applicable,2025-12-17T16:39:39.104000Z,2025-12-17T16:40:34.707000Z,,2025-12-17T16:40:34.944470Z,56.0,C1N42823,3667,English,Yes,63,Male,White,Austria,United States,United States,German,No,Part-Time
6942de65edacfc1a6f53843c,654bc148c95bca00d541ec33,APPROVED,Not Applicable,2025-12-17T16:46:33.280000Z,2025-12-17T16:58:04.308000Z,2025-12-17T22:05:24.662000Z,2025-12-17T16:58:04.681892Z,692.0,7078998009,5958,English,Yes,54,Female,White,United States,United States,United States,English,No,Full-Time
6942df1d65293c4fa7c55b8c,6631b0ab30153f0b76483e0a,RETURNED,Not Applicable,2025-12-17T16:49:39.665000Z,,,2025-12-17T21:55:58.036870Z,,,1791,CONSENT_REVOKED,CONSENT_REVOKED,CONSENT_REVOKED,CONSENT_REVOKED,CONSENT_REVOKED,CONSENT_REVOKED,CONSENT_REVOKED,CONSENT_REVOKED,CONSENT_REVOKED,CONSENT_REVOKED,CONSENT_REVOKED
6942dfc90c16615381b1966b,5397a6bbfdf99b1ccc3f1219,APPROVED,Not Applicable,2025-12-17T16:52:29.578000Z,2025-12-17T17:16:50.437000Z,2025-12-17T22:05:24.920000Z,2025-12-17T17:16:50.778791Z,1461.0,1743021767,2616,English,Yes,31,Female,White,United States,United States,United States,English,No,Unemployed (and job seeking)
6942e1a51258ee3608de1ae0,677bccba65784d9a5a876468,APPROVED,Not Applicable,2025-12-17T17:00:24.888000Z,2025-12-17T17:09:46.563000Z,2025-12-17T22:05:25.224000Z,2025-12-17T17:09:46.934829Z,562.0,8570226306,643,English,Yes,24,Female,White,United States,United States,United States,English,No,"Not in paid work (e.g. homemaker', 'retired or disabled)"
6942e1dbe887cf23afb88c2f,66bcbbd35d182838b25ff7df,SCREENED OUT,Not Applicable,2025-12-17T17:01:20.310000Z,2025-12-17T17:03:04.379000Z,,2025-12-17T17:03:04.635577Z,105.0,C1N42823,651,English,Yes,63,Female,White,United States,United States,United States,English,DATA_EXPIRED,Full-Time
6942e2794989845e4ebda02c,63fd0a7da4c0df409be0a784,SCREENED OUT,Not Applicable,2025-12-17T17:03:57.895000Z,2025-12-17T17:04:29.856000Z,,2025-12-17T17:04:30.123010Z,32.0,C1N42823,2405,English,Yes,45,Male,Black,United States,United States,United States,English,No,Full-Time
6942e2c164761dbc586bce37,65203a2c6b6a29564f73d405,SCREENED OUT,Not Applicable,2025-12-17T17:05:09.383000Z,2025-12-17T17:05:23.016000Z,,2025-12-17T17:05:23.257295Z,14.0,C1N42823,2438,English,Yes,67,Female,White,United States,United States,United States,English,No,Part-Time
6942e300947a92fb795244aa,62349dcdec7c3f8e7e1bc90b,SCREENED OUT,Not Applicable,2025-12-17T17:06:13.624000Z,2025-12-17T17:06:47.585000Z,,2025-12-17T17:06:47.822329Z,34.0,C1N42823,3327,English,Yes,55,Female,White,United States,United States,United States,English,DATA_EXPIRED,DATA_EXPIRED
6942e31b51939dbae4f6705b,5f79bca83a2eb65c0983816d,APPROVED,Not Applicable,2025-12-17T17:06:45.553000Z,2025-12-17T17:16:25.140000Z,2025-12-17T22:12:22.225000Z,2025-12-17T17:16:25.506434Z,580.0,5164402319,11105,English,Yes,36,Male,White,United States,United States,United States,English,No,Full-Time
6942e4833ad52d5eb620a712,650b03136ab3d4c832d98b71,SCREENED OUT,Not Applicable,2025-12-17T17:12:39.759000Z,2025-12-17T17:12:51.904000Z,,2025-12-17T17:12:52.137837Z,13.0,C1N42823,13319,English,Yes,31,Male,Other,Israel,United States,United States,Hebrew,No,Part-Time
6942e4984d6be3d96f559a40,5de5538f8fde1c4dbc951498,SCREENED OUT,Not Applicable,2025-12-17T17:13:00.417000Z,2025-12-17T17:13:46.984000Z,,2025-12-17T17:13:47.238057Z,47.0,C1N42823,10627,English,Yes,65,Female,White,United States,United States,United States,English,No,"Not in paid work (e.g. homemaker', 'retired or disabled)"
6942e522e13c646e7ea89eed,62694f79608ed29b7af936b1,SCREENED OUT,Not Applicable,2025-12-17T17:15:21.225000Z,2025-12-17T17:15:49.956000Z,,2025-12-17T17:15:50.191665Z,29.0,C1N42823,13265,English,Yes,59,Female,White,United States,United States,United States,English,No,Full-Time
6942e5c3e83808f59ba38048,62029a39ef1cb18a1337c5e3,SCREENED OUT,Not Applicable,2025-12-17T17:17:58.393000Z,2025-12-17T17:18:40.137000Z,,2025-12-17T17:18:40.369372Z,42.0,C1N42823,3343,English,Yes,54,Female,White,United States,United States,United States,English,No,Full-Time
6942e722ac7199b5385ad4a8,5edfbd316e98a72c5f5bdf16,SCREENED OUT,Not Applicable,2025-12-17T17:31:32.008000Z,2025-12-17T17:33:13.011000Z,,2025-12-17T17:33:13.287040Z,102.0,C1N42823,3569,English,Yes,31,Male,White,United States,United States,United States,English,No,Full-Time
6942e726ec554be58e4e3a23,67ec9fc858f4594fd069d5ff,SCREENED OUT,Not Applicable,2025-12-17T17:23:54.651000Z,2025-12-17T17:24:46.979000Z,,2025-12-17T17:24:47.257949Z,53.0,C1N42823,1159,English,Yes,75,Male,White,United States,United States,United States,English,No,"Not in paid work (e.g. homemaker', 'retired or disabled)"
6942e7e94063a22691ef2ff9,62740cf8e39eba1055ef571b,APPROVED,Not Applicable,2025-12-17T17:27:08.988000Z,2025-12-17T17:58:27.863000Z,2025-12-17T22:05:26.411000Z,2025-12-17T17:58:28.239912Z,1879.0,3809780382,10620,English,Yes,53,Female,Asian,DATA_EXPIRED,United States,United States,English,DATA_EXPIRED,DATA_EXPIRED
6942e867edacfc1a6f538530,5b5a822e1ad8270001c4f28d,RETURNED,Not Applicable,2025-12-17T17:29:14.833000Z,,,2025-12-17T21:55:58.039329Z,,,15755,CONSENT_REVOKED,CONSENT_REVOKED,CONSENT_REVOKED,CONSENT_REVOKED,CONSENT_REVOKED,CONSENT_REVOKED,CONSENT_REVOKED,CONSENT_REVOKED,CONSENT_REVOKED,CONSENT_REVOKED,CONSENT_REVOKED
6942eab8050bb0793359a04a,6545400d6d15a71561d3d2e9,RETURNED,Not Applicable,2025-12-17T17:39:08.873000Z,,,2025-12-17T21:55:58.041132Z,,,1190,CONSENT_REVOKED,CONSENT_REVOKED,CONSENT_REVOKED,CONSENT_REVOKED,CONSENT_REVOKED,CONSENT_REVOKED,CONSENT_REVOKED,CONSENT_REVOKED,CONSENT_REVOKED,CONSENT_REVOKED,CONSENT_REVOKED
6942eadcaf0b18808b64e25d,60a7d7b70d3cf8f48a8a490d,RETURNED,Not Applicable,2025-12-17T17:41:46.461000Z,,,2025-12-17T21:55:58.042973Z,,,4368,CONSENT_REVOKED,CONSENT_REVOKED,CONSENT_REVOKED,CONSENT_REVOKED,CONSENT_REVOKED,CONSENT_REVOKED,CONSENT_REVOKED,CONSENT_REVOKED,CONSENT_REVOKED,CONSENT_REVOKED,CONSENT_REVOKED
6942ec0d17f62d3faa08ec02,5f85f217f845b10f388f2ce7,SCREENED OUT,Not Applicable,2025-12-17T17:44:52.329000Z,2025-12-17T17:45:36.485000Z,,2025-12-17T17:45:36.749115Z,45.0,C1N42823,6626,English,Yes,54,Female,White,United States,United States,United States,English,No,Part-Time
6942eeb460f2607fd7cf00dd,6695b2d8fb297c4bda5a54c4,SCREENED OUT,Not Applicable,2025-12-17T17:56:06.833000Z,2025-12-17T17:57:02.836000Z,,2025-12-17T17:57:03.077699Z,57.0,C1N42823,612,English,Yes,37,Female,Mixed,United States,United States,United States,English,No,Full-Time
6942efe38c3942c3fa2d1d01,5591cd21fdf99b63126f6c60,APPROVED,Not Applicable,2025-12-17T18:01:11.287000Z,2025-12-17T18:12:57.264000Z,2025-12-17T22:12:22.570000Z,2025-12-17T18:12:57.624046Z,706.0,6382910916,11865,English,Yes,35,Male,White,United States,United States,United States,English,No,Full-Time
6942f10b385f15d1c535464f,67464f1e7e327bb792ac9af4,SCREENED OUT,Not Applicable,2025-12-17T18:06:06.312000Z,2025-12-17T18:06:25.535000Z,,2025-12-17T18:06:25.763796Z,20.0,C1N42823,2002,English,Yes,45,Male,White,United States,United States,United States,English,DATA_EXPIRED,DATA_EXPIRED
6942f13f034fa4b4a5339e74,6756552aee105de328a381b2,APPROVED,Not Applicable,2025-12-17T18:07:05.930000Z,2025-12-17T18:18:37.012000Z,2025-12-17T22:05:26.786000Z,2025-12-17T18:18:37.406732Z,692.0,9241945428,810,English,Yes,46,Female,White,United States,United States,United States,English,No,DATA_EXPIRED
6942f16e73061635c887d7f0,6669fe44c5660a00d14ab11d,APPROVED,Not Applicable,2025-12-17T18:07:45.649000Z,2025-12-17T18:17:08.545000Z,2025-12-17T22:05:27.072000Z,2025-12-17T18:17:08.911862Z,563.0,1439344772,4778,English,Yes,32,Male,White,United States,United States,United States,English,No,Full-Time
6942f1b0709d85415abf3ede,5abc3250a3ba7a0001b44c37,APPROVED,Not Applicable,2025-12-17T18:08:52.756000Z,2025-12-17T18:14:57.541000Z,2025-12-17T22:05:27.346000Z,2025-12-17T18:14:57.891429Z,365.0,1989405718,6598,English,Yes,32,Male,Asian,United States,United States,United States,English,DATA_EXPIRED,DATA_EXPIRED
6942f23b3909ba3c26471cf6,671165ce01cd9c2699b90dc1,SCREENED OUT,Not Applicable,2025-12-17T18:12:53.395000Z,2025-12-17T18:14:33.565000Z,,2025-12-17T18:14:33.785287Z,101.0,C1N42823,2025,English,Yes,34,Female,White,United States,United States,United States,English,No,Full-Time
6942f3afa473c400b67a638b,66926bdaacd865fc152ef5ff,SCREENED OUT,Not Applicable,2025-12-17T18:17:23.177000Z,2025-12-17T18:18:50.792000Z,,2025-12-17T18:18:51.012413Z,88.0,C1N42823,7671,English,Yes,51,Female,White,United States,United States,United States,English,No,Full-Time
6942f3c6385f15d1c53546a4,614dd304ed948bbfe8c22215,APPROVED,Not Applicable,2025-12-17T18:17:47.526000Z,2025-12-17T18:29:03.137000Z,2025-12-17T22:05:27.631000Z,2025-12-17T18:29:03.480792Z,676.0,9535333545,13520,English,Yes,36,Female,White,United States,United States,United States,English,No,"Not in paid work (e.g. homemaker', 'retired or disabled)"
6942f416d0c8a15ff6b1fa0f,60bc18bb8b971280ef13060c,SCREENED OUT,Not Applicable,2025-12-17T18:19:02.211000Z,2025-12-17T18:19:54.783000Z,,2025-12-17T18:19:55.005341Z,53.0,C1N42823,5880,English,Yes,48,Female,Black,United States,United States,United States,English,No,Unemployed (and job seeking)
6942f5cedaeb57b30b255a0a,5c3314c6f28f2600010e4e83,SCREENED OUT,Not Applicable,2025-12-17T18:26:26.310000Z,2025-12-17T18:26:57.310000Z,,2025-12-17T18:26:57.549868Z,31.0,C1N42823,2205,English,Yes,29,Female,White,United States,United States,United States,English,No,Full-Time
6942f60be6d640e036bd12da,62b0b9d60841bfa66838f436,RETURNED,Not Applicable,2025-12-17T18:27:28.295000Z,,,2025-12-17T21:55:58.044579Z,,,5019,CONSENT_REVOKED,CONSENT_REVOKED,CONSENT_REVOKED,CONSENT_REVOKED,CONSENT_REVOKED,CONSENT_REVOKED,CONSENT_REVOKED,CONSENT_REVOKED,CONSENT_REVOKED,CONSENT_REVOKED,CONSENT_REVOKED
6942f794c6ba776b63908931,66ac140ffbe9e717e0d21357,APPROVED,Not Applicable,2025-12-17T18:35:09.663000Z,2025-12-17T18:56:10.576000Z,2025-12-17T22:05:27.894000Z,2025-12-17T18:56:10.946863Z,1261.0,8826150919,1588,English,Yes,53,Female,White,United States,United States,United States,English,No,Part-Time
6942f9c93a8e30e78faf1c9c,5fec06ae197628d566cdc782,APPROVED,Not Applicable,2025-12-17T18:43:30.524000Z,2025-12-17T18:56:18.036000Z,2025-12-17T22:05:28.163000Z,2025-12-17T18:56:18.422862Z,768.0,4474895358,3604,English,Yes,56,Female,White,United States,United States,United States,English,DATA_EXPIRED,DATA_EXPIRED
6942fabad7f7fcd58d753ac4,62926f5a375553f13d68bc92,RETURNED,Not Applicable,2025-12-17T18:47:26.485000Z,,,2025-12-17T21:55:58.044358Z,,,12919,CONSENT_REVOKED,CONSENT_REVOKED,CONSENT_REVOKED,CONSENT_REVOKED,CONSENT_REVOKED,CONSENT_REVOKED,CONSENT_REVOKED,CONSENT_REVOKED,CONSENT_REVOKED,CONSENT_REVOKED,CONSENT_REVOKED
6942fc8f1208e645a1a3c106,67a4fbd7e4ebc02e050b7999,RETURNED,Not Applicable,2025-12-17T18:55:15.710000Z,,,2025-12-17T21:55:58.045681Z,,,1954,CONSENT_REVOKED,CONSENT_REVOKED,CONSENT_REVOKED,CONSENT_REVOKED,CONSENT_REVOKED,CONSENT_REVOKED,CONSENT_REVOKED,CONSENT_REVOKED,CONSENT_REVOKED,CONSENT_REVOKED,CONSENT_REVOKED
6942fd3f7646d4e257fa1ca5,5fc7a6aaa7646c0009521161,APPROVED,Not Applicable,2025-12-17T18:58:10.476000Z,2025-12-17T19:07:02.136000Z,2025-12-17T22:05:28.401000Z,2025-12-17T19:07:02.492462Z,532.0,7123685167,10209,English,Yes,54,Male,White,United States,United States,United States,English,DATA_EXPIRED,DATA_EXPIRED
6942fee2c53904b3253c1921,5c1021a547d07800011a23de,SCREENED OUT,Not Applicable,2025-12-17T19:05:10.965000Z,2025-12-17T19:05:52.682000Z,,2025-12-17T19:05:52.912693Z,42.0,C1N42823,8741,English,Yes,67,Female,White,United States,United States,United States,English,No,"Not in paid work (e.g. homemaker', 'retired or disabled)"
6942ff76d835f28dd167bf01,6717f0ac88d9f27d9b79af31,APPROVED,Not Applicable,2025-12-17T19:07:37.569000Z,2025-12-17T19:16:27.438000Z,2025-12-17T22:05:28.668000Z,2025-12-17T19:16:27.789019Z,530.0,8128866183,1115,English,Yes,50,Female,White,United States,United States,United States,English,No,Full-Time
6942ffe07b337887b82941b0,5e7a2ccd69a7770604dfb352,APPROVED,Not Applicable,2025-12-17T19:09:25.596000Z,2025-12-17T19:22:06.068000Z,2025-12-17T22:05:28.934000Z,2025-12-17T19:22:06.434127Z,761.0,8252534290,12577,English,Yes,52,Female,White,United States,United States,United States,English,No,Part-Time
6942fff4668b1ca09211cf16,5ca25f7048f78e0018fdac10,REJECTED,Not Applicable,2025-12-17T19:09:43.240000Z,2025-12-17T19:09:56.919000Z,2025-12-17T19:37:21.670000Z,2025-12-17T21:55:58.047571Z,14.0,6637535506,11504,CONSENT_REVOKED,CONSENT_REVOKED,CONSENT_REVOKED,CONSENT_REVOKED,CONSENT_REVOKED,CONSENT_REVOKED,CONSENT_REVOKED,CONSENT_REVOKED,CONSENT_REVOKED,CONSENT_REVOKED,CONSENT_REVOKED
694301392a9b2ac29b105765,64137d0dfe71cf6624348d27,APPROVED,Not Applicable,2025-12-17T19:15:05.707000Z,2025-12-17T19:32:18.238000Z,2025-12-17T22:05:29.199000Z,2025-12-17T19:32:18.571230Z,1033.0,6982445265,1750,English,Yes,67,Female,White,United States,United States,United States,English,No,Part-Time
694302d974532f18e2a531e5,694170cf09f4de6f7aa6f24b,SCREENED OUT,Not Applicable,2025-12-17T19:22:05.456000Z,2025-12-17T19:22:46.990000Z,,2025-12-17T19:22:47.214010Z,42.0,C1N42823,3,English,Yes,18,Female,White,United States,United States,United States,English,Yes,Part-Time
6943030d39ad088ac535dd13,63a0d718bbed03d92665039e,SCREENED OUT,Not Applicable,2025-12-17T19:22:58.194000Z,2025-12-17T19:23:41.341000Z,,2025-12-17T19:23:41.580609Z,44.0,C1N42823,3398,English,Yes,57,Female,White,United States,United States,United States,English,No,Full-Time
6943034d52470fbb52ecdc61,67fd46db088825e305648e1a,SCREENED OUT,Not Applicable,2025-12-17T19:25:11.633000Z,2025-12-17T19:26:48.453000Z,,2025-12-17T19:26:48.682222Z,97.0,C1N42823,2973,English,Yes,28,Female,Mixed,United States,United States,United States,English,DATA_EXPIRED,Full-Time
69430427cc5f8ccb3c158a63,64014c946836cff56fc1a22f,SCREENED OUT,Not Applicable,2025-12-17T19:27:39.847000Z,2025-12-17T19:28:05.700000Z,,2025-12-17T19:28:05.960904Z,26.0,C1N42823,3923,"English, Spanish",Yes,29,Male,Other,United States,United States,United States,Spanish,No,Full-Time
6943042838a58074a61a6e1b,66a276a145ba9b1f7698e4b2,SCREENED OUT,Not Applicable,2025-12-17T19:27:39.888000Z,2025-12-17T19:28:51.267000Z,,2025-12-17T19:28:51.510650Z,72.0,C1N42823,1955,English,Yes,46,Female,White,United States,United States,United States,English,No,Full-Time
69430493484deb2463926333,664e1a71d20f44f2ffe39360,APPROVED,Not Applicable,2025-12-17T19:29:27.278000Z,2025-12-17T19:44:01.973000Z,2025-12-17T22:12:22.898000Z,2025-12-17T19:44:02.397042Z,875.0,1599090914,7064,English,Yes,40,Male,White,United States,United States,United States,English,No,Full-Time
694304c4f949755b352c274a,66aa8d04719b0f5ef3433e9c,APPROVED,Not Applicable,2025-12-17T19:30:25.407000Z,2025-12-17T19:46:45.773000Z,2025-12-17T22:05:29.428000Z,2025-12-17T19:46:46.156349Z,981.0,6130185936,2507,English,Yes,30,Male,Mixed,United States,United States,United States,English,DATA_EXPIRED,DATA_EXPIRED
694304cc6fc81a487f42adca,66bfdc082ffe8d45b60263a6,APPROVED,Not Applicable,2025-12-17T19:30:23.973000Z,2025-12-17T19:48:55.246000Z,2025-12-17T22:05:29.700000Z,2025-12-17T19:48:55.626477Z,1112.0,5064617203,3450,English,Yes,51,Female,White,Bosnia and Herzegovina,United States,United States,DATA_EXPIRED,No,Full-Time
694304cc9efe0c3417a1cf13,62fbeca46caf4abaaf74b5f1,APPROVED,Not Applicable,2025-12-17T19:30:24.357000Z,2025-12-17T19:41:06.620000Z,2025-12-17T22:12:23.158000Z,2025-12-17T19:41:06.971944Z,643.0,7857963503,9089,English,Yes,66,Male,White,United States,United States,United States,English,No,"Not in paid work (e.g. homemaker', 'retired or disabled)"
694304cd2d4e90ccea36052d,660dfb0b513cd3c8af03656e,REJECTED,Not Applicable,2025-12-17T19:30:25.842000Z,2025-12-17T19:30:44.964000Z,2025-12-17T22:05:55.817000Z,2025-12-18T12:55:24.534585Z,20.0,3546976578,4749,CONSENT_REVOKED,CONSENT_REVOKED,CONSENT_REVOKED,CONSENT_REVOKED,CONSENT_REVOKED,CONSENT_REVOKED,CONSENT_REVOKED,CONSENT_REVOKED,CONSENT_REVOKED,CONSENT_REVOKED,CONSENT_REVOKED
694304d082bf623fd3c1cbf9,63181446b17ea16a213403c9,APPROVED,Not Applicable,2025-12-17T19:30:27.573000Z,2025-12-17T19:38:53.066000Z,2025-12-17T22:05:29.994000Z,2025-12-17T19:38:53.439734Z,506.0,6319802038,2334,English,Yes,22,Male,White,United States,United States,United States,English,Yes,Part-Time
694304d32f822b0012454964,67edb75b0744561f1cf6ff9d,APPROVED,Not Applicable,2025-12-17T19:30:32.207000Z,2025-12-17T19:43:32.016000Z,2025-12-17T22:12:24.271000Z,2025-12-17T19:43:32.387917Z,780.0,7099665698,3478,English,Yes,52,Female,White,United States,United States,Italy,English,No,Part-Time
694304d7736df1edf0004858,67b928562a1432d3ca6d879a,APPROVED,Not Applicable,2025-12-17T19:30:35.102000Z,2025-12-17T19:39:32.168000Z,2025-12-17T22:05:30.241000Z,2025-12-17T19:39:32.538340Z,538.0,1326909848,3628,English,Yes,53,Female,White,Russian Federation,United States,United States,Russian,No,Full-Time
694304da03bc1e1b380330a3,60870dd7e185006f4bc26266,APPROVED,Not Applicable,2025-12-17T19:30:38.327000Z,2025-12-17T19:45:04.282000Z,2025-12-17T22:05:30.492000Z,2025-12-17T19:45:04.699811Z,866.0,1982763680,4001,English,Yes,31,Female,White,United States,United States,United States,English,No,Full-Time
694304e71df8ead3b8498af4,58effc65c31d4d00015aa5b9,SCREENED OUT,Not Applicable,2025-12-17T19:30:50.051000Z,2025-12-17T19:32:12.673000Z,,2025-12-17T19:32:12.886590Z,83.0,C1N42823,6332,English,Yes,51,Female,White,United States,United States,United States,English,No,Full-Time
69430543d899a1c186959a4b,6786ac16415168abd9f21d6b,APPROVED,Not Applicable,2025-12-17T19:32:25.065000Z,2025-12-17T19:43:15.269000Z,2025-12-17T22:05:30.744000Z,2025-12-17T19:43:15.657780Z,651.0,1232055132,2379,English,Yes,30,Female,White,United States,United States,United States,English,Yes,Part-Time
6943054a5e962081986d8e0f,6734f38285a487704a4dc0e1,SCREENED OUT,Not Applicable,2025-12-17T19:32:30.994000Z,2025-12-17T19:33:11.935000Z,,2025-12-17T19:33:12.189098Z,41.0,C1N42823,2163,English,Yes,47,Male,White,United States,United States,United States,English,No,Full-Time
6943057cbabf4723ccbd3e21,6741952bc1bf313739497ac2,SCREENED OUT,Not Applicable,2025-12-17T19:33:21.316000Z,2025-12-17T19:34:40.833000Z,,2025-12-17T19:34:41.070947Z,80.0,C1N42823,2275,English,Yes,45,Male,White,United States,United States,United States,English,DATA_EXPIRED,DATA_EXPIRED
694305daff3ad77ed38c04de,67ccf5aaec16501a9fec7097,SCREENED OUT,Not Applicable,2025-12-17T19:34:56.606000Z,2025-12-17T19:39:24.595000Z,,2025-12-17T19:39:24.853171Z,268.0,C1N42823,3049,English,Yes,32,Female,Black,United States,United States,United States,English,DATA_EXPIRED,DATA_EXPIRED
69432b9161e9b04fee13b62f,63e7f2a754618d35c2b61ba5,RETURNED,Not Applicable,2025-12-17T22:15:53.092000Z,2025-12-17T22:16:32.637000Z,,2025-12-18T12:55:24.535888Z,,4990115488,7452,CONSENT_REVOKED,CONSENT_REVOKED,CONSENT_REVOKED,CONSENT_REVOKED,CONSENT_REVOKED,CONSENT_REVOKED,CONSENT_REVOKED,CONSENT_REVOKED,CONSENT_REVOKED,CONSENT_REVOKED,CONSENT_REVOKED
69432b95a93fef2f5664056f,673d23b251f56d0010aa50ee,RETURNED,Not Applicable,2025-12-17T22:15:54.591000Z,,,2025-12-18T12:55:24.536222Z,,,5881,CONSENT_REVOKED,CONSENT_REVOKED,CONSENT_REVOKED,CONSENT_REVOKED,CONSENT_REVOKED,CONSENT_REVOKED,CONSENT_REVOKED,CONSENT_REVOKED,CONSENT_REVOKED,CONSENT_REVOKED,CONSENT_REVOKED
69432b9d9854a1d351a53404,5cb5e6927a92c500015c0de1,SCREENED OUT,Not Applicable,2025-12-17T22:16:43.301000Z,2025-12-17T22:17:55.685000Z,,2025-12-17T22:17:55.962870Z,73.0,C1N42823,8715,English,Yes,44,Female,White,United States,United States,Norway,English,No,Full-Time
69432ba06b71d2e561559ef0,6766e066a3b78e1549a142c8,SCREENED OUT,Not Applicable,2025-12-17T22:16:07.346000Z,2025-12-17T22:18:03.493000Z,,2025-12-17T22:18:03.732285Z,117.0,C1N42823,258,English,Yes,68,Female,White,United States,United States,United States,English,No,Due to start a new job within the next month
69432ba668066f95b45881aa,5f51529b15e36638fe535eae,APPROVED,Not Applicable,2025-12-17T22:16:12.543000Z,2025-12-17T22:25:56.696000Z,2025-12-18T12:58:37.811000Z,2025-12-17T22:25:57.071307Z,585.0,7267112560,14040,English,Yes,40,Male,White,United States,United States,United States,English,DATA_EXPIRED,Full-Time
69432ba734ef4b491e20c447,6266aa7132e3a5bf1631ac1b,RETURNED,Not Applicable,2025-12-17T22:16:12.465000Z,,,2025-12-18T12:55:24.538330Z,,,5569,CONSENT_REVOKED,CONSENT_REVOKED,CONSENT_REVOKED,CONSENT_REVOKED,CONSENT_REVOKED,CONSENT_REVOKED,CONSENT_REVOKED,CONSENT_REVOKED,CONSENT_REVOKED,CONSENT_REVOKED,CONSENT_REVOKED
69432bab0a1a501b180450dd,5d547584d98e450001b3ea7e,APPROVED,Not Applicable,2025-12-17T22:16:16.265000Z,2025-12-17T22:28:43.397000Z,2025-12-18T16:55:15.869000Z,2025-12-17T22:28:43.719929Z,748.0,2642552982,1581,English,Yes,33,Female,Mixed,United States,United States,United States,English,No,Full-Time
69432badd0c8a15ff6b20006,66c4f3cb14cbfc4db836bd4e,APPROVED,Not Applicable,2025-12-17T22:23:24.193000Z,2025-12-17T22:46:21.719000Z,2025-12-18T16:55:16.196000Z,2025-12-17T22:46:22.149335Z,1378.0,NOCODE,3362,English,Yes,52,Female,White,United States,United States,United States,English,No,"Not in paid work (e.g. homemaker', 'retired or disabled)"
69432bb47701ca589c753d2c,66b6f529554580686d94c4e3,APPROVED,Not Applicable,2025-12-17T22:16:24.879000Z,2025-12-17T22:33:31.710000Z,2025-12-18T12:58:38.071000Z,2025-12-17T22:33:32.068672Z,1027.0,9693654578,1739,English,Yes,36,Male,White,United States,United States,United States,English,No,Full-Time
69432bb551939dbae4f6781c,60fdb73b85f276ed91d84eb9,APPROVED,Not Applicable,2025-12-17T22:16:26.375000Z,2025-12-17T22:29:23.613000Z,2025-12-18T12:58:38.326000Z,2025-12-17T22:29:23.964063Z,778.0,2749779493,1422,English,Yes,23,Female,White,United States,United States,United States,English,DATA_EXPIRED,DATA_EXPIRED
69432bc338d7d02e90ad2057,608437f0b139060610c9f0c1,SCREENED OUT,Not Applicable,2025-12-17T22:16:42.863000Z,2025-12-17T22:17:06.403000Z,,2025-12-17T22:17:06.626008Z,24.0,C1N42823,8464,English,Yes,83,Female,White,United States,United States,United States,English,No,DATA_EXPIRED
69432be8d0c8a15ff6b2000a,6632e29a99699a0b259f5cdb,APPROVED,Not Applicable,2025-12-17T22:17:26.709000Z,2025-12-17T22:26:00.545000Z,2025-12-18T12:58:38.594000Z,2025-12-17T22:26:00.894482Z,514.0,8747694757,2693,English,Yes,30,Female,White,United States,United States,United States,English,Yes,"Not in paid work (e.g. homemaker', 'retired or disabled)"
69432bf29c63d1670548a90d,60c770aa2d2928bfda4c7cd4,SCREENED OUT,Not Applicable,2025-12-17T22:17:26.576000Z,2025-12-17T22:17:53.705000Z,,2025-12-17T22:17:53.914199Z,28.0,C1N42823,13180,English,Yes,65,Male,White,United States,United States,United States,English,No,Full-Time
69432c140a3be5d0b5ecc03d,66c36df59f1061046b7ea01b,SCREENED OUT,Not Applicable,2025-12-17T22:18:02.026000Z,2025-12-17T22:19:03.119000Z,,2025-12-17T22:19:03.377203Z,62.0,C1N42823,1548,English,Yes,42,Male,White,United States,United States,United States,English,No,Full-Time
69432c1497e20bc724000070,67e1dc9c35b6facf1079fb30,APPROVED,Not Applicable,2025-12-17T22:25:36.219000Z,2025-12-17T22:56:38.523000Z,2025-12-18T12:58:38.854000Z,2025-12-17T22:56:38.891804Z,1863.0,5888224857,2588,English,Yes,34,Male,DATA_EXPIRED,United States,United States,United States,English,DATA_EXPIRED,DATA_EXPIRED
69432c1cfbb7f9ed86ee9884,66ac5308e9101c0a59f7ef33,APPROVED,Not Applicable,2025-12-17T22:18:12.332000Z,2025-12-17T22:32:41.762000Z,2025-12-18T16:55:16.607000Z,2025-12-17T22:32:42.125078Z,870.0,9437463034,1646,English,Yes,64,Female,White,United States,United States,United States,English,No,Full-Time
69432c5d050bb0793359a77d,5f8b90a4b237f91824a88aeb,APPROVED,Not Applicable,2025-12-17T22:19:14.235000Z,2025-12-17T22:32:36.530000Z,2025-12-18T12:58:39.133000Z,2025-12-17T22:32:36.893617Z,803.0,3087292593,9530,English,Yes,52,Female,White,United States,United States,United States,English,No,"Not in paid work (e.g. homemaker', 'retired or disabled)"
69432dfcdbf62246a0a4b35b,66951fbb785f48addf279372,SCREENED OUT,Not Applicable,2025-12-17T22:26:07.387000Z,2025-12-17T22:27:08.077000Z,,2025-12-17T22:27:08.332978Z,61.0,C1N42823,777,English,Yes,26,Female,White,United States,United States,United States,English,No,Full-Time
69432dfd2775dcea7dfc1739,5dd4767b32288646716dc98a,SCREENED OUT,Not Applicable,2025-12-17T22:26:10.032000Z,2025-12-17T22:28:55.278000Z,,2025-12-17T22:28:55.507171Z,166.0,C1N42823,10571,English,Yes,52,Female,White,Ukraine,United States,United States,English,No,Part-Time
69432e436ca5bfbef026af41,67a5669452a6651f8be0b0bc,SCREENED OUT,Not Applicable,2025-12-17T22:27:15.571000Z,2025-12-17T22:28:23.959000Z,,2025-12-17T22:28:24.192904Z,69.0,C1N42823,2851,English,Yes,46,Female,Black,United States,United States,United States,English,No,Full-Time
69432e8b3d39e46255b8934b,600e13b23c75bc67ab184745,APPROVED,Not Applicable,2025-12-17T22:32:02.621000Z,2025-12-17T22:49:09.617000Z,2025-12-18T12:58:39.404000Z,2025-12-17T22:49:09.955371Z,1027.0,9670773883,6251,English,Yes,45,Female,White,United States,United States,United States,English,No,"Not in paid work (e.g. homemaker', 'retired or disabled)"
69432eb1c31d331ee2953bb3,666559e634fffd1ce19ba654,APPROVED,Not Applicable,2025-12-17T22:29:08.978000Z,2025-12-17T22:35:14.182000Z,2025-12-18T16:55:16.959000Z,2025-12-17T22:35:14.542629Z,366.0,7365527716,4120,English,Yes,31,Female,White,United States,United States,United States,English,No,"Not in paid work (e.g. homemaker', 'retired or disabled)"
69432eb3347927c00092a2f2,558fd02cfdf99b39cb035e5d,SCREENED OUT,Not Applicable,2025-12-17T22:29:10.089000Z,2025-12-17T22:31:42.616000Z,,2025-12-17T22:31:42.830327Z,153.0,C1N42823,8108,English,Yes,53,Male,White,United States,United States,United States,English,No,DATA_EXPIRED
69432ec4be1fceaca3b8bd96,666883e7cd549b6798159085,RETURNED,Not Applicable,2025-12-17T22:29:28.353000Z,,,2025-12-18T12:55:24.541589Z,,,1924,CONSENT_REVOKED,CONSENT_REVOKED,CONSENT_REVOKED,CONSENT_REVOKED,CONSENT_REVOKED,CONSENT_REVOKED,CONSENT_REVOKED,CONSENT_REVOKED,CONSENT_REVOKED,CONSENT_REVOKED,CONSENT_REVOKED
69432f00790adaeae6a8ca21,6294ea804cdf1298eefa87ac,SCREENED OUT,Not Applicable,2025-12-17T22:30:29.463000Z,2025-12-17T22:32:54.541000Z,,2025-12-17T22:32:54.787882Z,146.0,C1N42823,11322,English,Yes,26,Male,Other,United States,United States,United States,English,Yes,Full-Time
69432f501c38f5552b1f684c,63da967fb1bbdcf1bfdf1009,APPROVED,Not Applicable,2025-12-17T22:31:48.959000Z,2025-12-17T22:45:51.329000Z,2025-12-18T16:33:49.634000Z,2025-12-17T22:45:51.705871Z,843.0,6700895560,851,English,Yes,29,Female,White,United States,United States,United States,English,No,Full-Time
69432f8b4cfa568085c1b88b,666379406038af5dd9f975b8,SCREENED OUT,Not Applicable,2025-12-17T22:32:57.304000Z,2025-12-17T22:35:08.900000Z,,2025-12-17T22:35:09.126371Z,132.0,C1N42823,1069,English,Yes,32,Male,White,United States,United States,United States,English,No,Full-Time
69432f8d38717d988a8c7da4,61113e2052e3935b167277b1,APPROVED,Not Applicable,2025-12-17T22:32:49.782000Z,2025-12-17T22:42:49.085000Z,2025-12-18T12:58:39.680000Z,2025-12-17T22:42:49.420870Z,600.0,1640098164,425,English,Yes,26,Female,White,United States,United States,United States,English,Yes,Part-Time
69432f9886784c32a8ec7c5a,56aa90d5638440000c8b506f,APPROVED,Not Applicable,2025-12-17T22:32:59.322000Z,2025-12-17T23:12:23.600000Z,2025-12-18T12:58:39.937000Z,2025-12-17T23:12:24.040517Z,2365.0,1636026948,6268,English,Yes,44,Male,Mixed,United States,United States,United States,English,No,Unemployed (and job seeking)
69432fc825d4e4990059e098,67722f8e3a4f08a288a1f640,SCREENED OUT,Not Applicable,2025-12-17T22:33:50.451000Z,2025-12-17T22:34:28.691000Z,,2025-12-17T22:34:28.944207Z,39.0,C1N42823,6855,English,Yes,58,Female,White,United States,United States,United States,English,No,Full-Time
69432ffc45d04296a65f0fd2,6942b061070a2e870db24393,APPROVED,Not Applicable,2025-12-17T22:34:45.622000Z,2025-12-17T22:44:00.556000Z,2025-12-18T12:58:40.198000Z,2025-12-17T22:44:00.891155Z,555.0,5959770581,22,English,Yes,26,Male,White,United States,United States,United States,English,Yes,Full-Time
69433024fbb7f9ed86ee98c7,660ea96849b96ac7f24c6878,APPROVED,Not Applicable,2025-12-17T22:35:23.205000Z,2025-12-17T22:46:51.308000Z,2025-12-18T12:58:40.464000Z,2025-12-17T22:46:51.657231Z,689.0,4503814727,2296,English,Yes,50,Female,White,United States,United States,United States,English,No,"Not in paid work (e.g. homemaker', 'retired or disabled)"
69433032dcfb15f18cec1c97,5eb339ee6290bc124b8549a6,SCREENED OUT,Not Applicable,2025-12-17T22:35:39.370000Z,2025-12-17T22:36:55.485000Z,,2025-12-17T22:36:55.726687Z,77.0,C1N42823,6859,English,Yes,49,Female,White,Lebanon,United States,United States,Arabic,No,"Not in paid work (e.g. homemaker', 'retired or disabled)"
69433094c3f3375a9aaab8a5,66c0d9ef3c9b1d596446f813,SCREENED OUT,Not Applicable,2025-12-17T22:37:11.894000Z,2025-12-17T22:37:22.418000Z,,2025-12-17T22:37:22.632728Z,11.0,C1N42823,2468,English,Yes,43,Male,Asian,United States,United States,United States,English,No,Full-Time
694330a43909ba3c264724c5,6760853e178af224e611e496,RETURNED,Not Applicable,2025-12-17T22:39:09.706000Z,,,2025-12-18T12:55:24.540094Z,,,2362,CONSENT_REVOKED,CONSENT_REVOKED,CONSENT_REVOKED,CONSENT_REVOKED,CONSENT_REVOKED,CONSENT_REVOKED,CONSENT_REVOKED,CONSENT_REVOKED,CONSENT_REVOKED,CONSENT_REVOKED,CONSENT_REVOKED
6943314bc29701a4e9e8ad23,66e8b1b59be9621d5b1ecdb2,APPROVED,Not Applicable,2025-12-17T22:40:16.821000Z,2025-12-17T22:48:58.696000Z,2025-12-18T12:58:40.701000Z,2025-12-17T22:48:59.060016Z,522.0,6359340193,1755,English,Yes,47,Male,White,United States,United States,United States,English,No,Full-Time
694331f53a5291ef266a91ee,5e06f13e39bcde0a29c39a13,APPROVED,Not Applicable,2025-12-17T22:43:11.515000Z,2025-12-17T22:54:53.273000Z,2025-12-18T12:58:40.965000Z,2025-12-17T22:54:53.621167Z,702.0,1769014890,3266,English,Yes,50,Female,White,United States,United States,United States,English,No,Part-Time
6943323107cea5b85325c5c8,6111c28f3db4a360397970a7,SCREENED OUT,Not Applicable,2025-12-17T22:44:06.806000Z,2025-12-17T22:44:45.245000Z,,2025-12-17T22:44:45.466402Z,39.0,C1N42823,740,English,Yes,37,Male,White,United States,United States,United States,English,No,Full-Time
69433263034fa4b4a533a401,663e5afaf48d765486d597e6,SCREENED OUT,Not Applicable,2025-12-17T22:44:56.404000Z,2025-12-17T22:45:22.827000Z,,2025-12-17T22:45:23.066912Z,27.0,C1N42823,270,English,Yes,28,Male,White,United States,United States,United States,English,Yes,Due to start a new job within the next month
694332978add7c61de1c18e7,675c15e099767573c1619b7f,RETURNED,Not Applicable,2025-12-17T22:45:51.087000Z,,,2025-12-18T12:55:24.541012Z,,,1638,CONSENT_REVOKED,CONSENT_REVOKED,CONSENT_REVOKED,CONSENT_REVOKED,CONSENT_REVOKED,CONSENT_REVOKED,CONSENT_REVOKED,CONSENT_REVOKED,CONSENT_REVOKED,CONSENT_REVOKED,CONSENT_REVOKED
694332a1dee94ed5ad90859c,6606236e44a7586a8cad86b5,APPROVED,Not Applicable,2025-12-17T22:45:58.364000Z,2025-12-17T22:54:48.996000Z,2025-12-18T12:58:41.217000Z,2025-12-17T22:54:49.331975Z,531.0,8184044156,2384,English,Yes,43,Female,White,United States,United States,United States,English,No,Other
694332c8e8fdc9de3caedb42,67f1f1d53b5c101545b04cfc,RETURNED,Not Applicable,2025-12-17T22:46:45.148000Z,,,2025-12-18T12:55:24.543597Z,,,1526,CONSENT_REVOKED,CONSENT_REVOKED,CONSENT_REVOKED,CONSENT_REVOKED,CONSENT_REVOKED,CONSENT_REVOKED,CONSENT_REVOKED,CONSENT_REVOKED,CONSENT_REVOKED,CONSENT_REVOKED,CONSENT_REVOKED
694332e544fad910d617ba78,6568b0b4e9cc3024c09286f9,APPROVED,Not Applicable,2025-12-17T22:47:07.702000Z,2025-12-17T23:04:59.281000Z,2025-12-18T12:58:41.483000Z,2025-12-17T23:04:59.650864Z,1072.0,1745876575,4893,English,Yes,74,Male,Mixed,United States,United States,United States,English,No,Unemployed (and job seeking)
694332f2f61e9ab1154e218b,67337b9fcd8ebffe61234019,SCREENED OUT,Not Applicable,2025-12-17T22:47:52.062000Z,2025-12-17T22:50:20.014000Z,,2025-12-17T22:50:20.250827Z,148.0,C1N42823,3854,English,Yes,34,Male,White,United States,United States,United States,English,No,Part-Time
6943336b4a27a0631c43dc63,5bb58e338f3bd70001e5df57,APPROVED,Not Applicable,2025-12-17T22:49:18.524000Z,2025-12-17T23:00:39.173000Z,2025-12-18T12:58:41.755000Z,2025-12-17T23:00:39.749488Z,681.0,7446102547,9807,English,Yes,48,Male,White,United States,United States,United States,English,No,Full-Time
6943336bb84405304eeaddd8,5fd4125ed9973916d62d9958,APPROVED,Not Applicable,2025-12-17T22:49:21.289000Z,2025-12-17T22:58:56.907000Z,2025-12-18T12:58:42.026000Z,2025-12-17T22:58:57.281520Z,576.0,4383650710,1577,English,Yes,35,Male,White,United States,United States,United States,English,DATA_EXPIRED,DATA_EXPIRED
694333be06738c5e58561324,65f780dfe4aa3357ba290914,APPROVED,Not Applicable,2025-12-17T22:50:41.409000Z,2025-12-17T23:11:27.815000Z,2025-12-18T12:58:42.275000Z,2025-12-17T23:11:28.170013Z,1247.0,1220834430,1808,English,Yes,49,Female,Black,United States,United States,United States,English,No,Full-Time
694334b9e8bb18e665b378c4,67f2ecf2ef369d872787cfb8,APPROVED,Not Applicable,2025-12-17T22:54:49.499000Z,2025-12-17T23:09:31.454000Z,2025-12-18T12:58:42.546000Z,2025-12-17T23:09:31.822143Z,882.0,4608976339,763,"English, Spanish",Yes,25,Male,Other,United States,United States,United States,English,DATA_EXPIRED,DATA_EXPIRED
694334c9cb03363c0fe0c55a,616cf9ae07c1c6bd05d95beb,SCREENED OUT,Not Applicable,2025-12-17T22:55:10.838000Z,2025-12-17T22:58:30.592000Z,,2025-12-17T22:58:30.831144Z,200.0,C1N42823,11657,English,Yes,50,Male,White,United States,United States,United States,English,No,Full-Time
694335312f822b0012454d88,5ba78b71d60daf0001532d5b,SCREENED OUT,Not Applicable,2025-12-17T22:56:56.855000Z,2025-12-17T22:57:30.941000Z,,2025-12-17T22:57:31.183350Z,35.0,C1N42823,7323,English,Yes,46,Male,Other,United States,United States,United States,English,Yes,Full-Time
6943354af9379c2112c1379a,67ca05b811f9ce2ffe685f2f,APPROVED,Not Applicable,2025-12-17T22:57:19.510000Z,2025-12-17T23:21:22.664000Z,2025-12-18T12:58:42.806000Z,2025-12-17T23:21:23.174916Z,1444.0,7920850088,2377,English,Yes,54,Male,White,United States,United States,United States,English,No,Full-Time
6943355c7d0f9b82878e03ef,651b29ff3a6cadf518640abe,APPROVED,Not Applicable,2025-12-17T22:58:06.631000Z,2025-12-17T23:21:50.382000Z,2025-12-18T12:58:43.070000Z,2025-12-17T23:21:50.728892Z,1424.0,7586233453,5089,"English, Cantonese, Chinese, Mandarin",Yes,57,Female,Asian,China,United States,United States,Chinese,DATA_EXPIRED,DATA_EXPIRED
694335a2057ef83ffb1ed49e,60cff3ba91773f75c9504567,APPROVED,Not Applicable,2025-12-17T22:58:46.814000Z,2025-12-17T23:05:49.832000Z,2025-12-18T16:34:00.121000Z,2025-12-17T23:05:50.181471Z,424.0,1175085982,4825,English,Yes,36,Male,White,United States,United States,United States,English,No,Full-Time
694335b4dce7331561b862ac,6754c632477f9899a74314fd,APPROVED,Not Applicable,2025-12-17T22:59:05.480000Z,2025-12-17T23:13:30.029000Z,2025-12-18T12:58:43.362000Z,2025-12-17T23:13:30.392999Z,865.0,9790357384,2539,English,Yes,55,Female,White,United States,United States,United States,English,No,Part-Time
6943361a1e2cc8f822d99b53,6716f188b131fa30ab5365c2,APPROVED,Not Applicable,2025-12-17T23:00:47.556000Z,2025-12-17T23:12:04.443000Z,2025-12-18T16:55:17.268000Z,2025-12-17T23:12:04.819076Z,677.0,7077019758,4398,English,Yes,37,Male,White,United States,United States,United States,English,No,Full-Time
6943372dc83d6bdf5290a419,59c3eeac05da9d0001402bcd,APPROVED,Not Applicable,2025-12-17T23:05:31.085000Z,2025-12-17T23:16:09.717000Z,2025-12-18T16:34:11.912000Z,2025-12-17T23:16:10.061789Z,639.0,6157391273,4797,English,Yes,41,Female,White,United States,United States,United States,English,No,Part-Time
694337584b9cd131e82412cd,63fb4b7f05faed13656528f0,SCREENED OUT,Not Applicable,2025-12-17T23:06:04.361000Z,2025-12-17T23:07:16.055000Z,,2025-12-17T23:07:16.275783Z,72.0,C1N42823,7423,English,Yes,57,Male,White,United States,United States,United States,English,No,Full-Time
694337a6b3f835e244bf44bc,66c0f464e0ff62798027b486,APPROVED,Not Applicable,2025-12-17T23:07:18.023000Z,2025-12-17T23:26:14.354000Z,2025-12-18T12:58:43.915000Z,2025-12-18T12:58:44.043933Z,1137.0,7324296925,4506,English,Yes,25,Male,Mixed,United States,United States,United States,English,Yes,Unemployed (and job seeking)
6943383848c9c85dae3ed119,628eabb243fb4a73e29d9385,SCREENED OUT,Not Applicable,2025-12-17T23:09:48.031000Z,2025-12-17T23:09:57.571000Z,,2025-12-17T23:09:57.796030Z,10.0,C1N42823,8129,English,Yes,30,Male,White,United States,United States,United States,English,DATA_EXPIRED,Full-Time
69433847c07dfd9ecb8693fb,67fd8520a5dcf6eaa319fc52,APPROVED,Not Applicable,2025-12-17T23:10:03.724000Z,2025-12-17T23:10:18.026000Z,2025-12-18T16:38:06.988000Z,2025-12-17T23:10:18.410691Z,15.0,5089867014,1470,English,Yes,67,Female,White,United States,United States,United States,English,No,"Not in paid work (e.g. homemaker', 'retired or disabled)"
6943385672f2d358c8ccdeeb,694179d88301c400c4bbdb4d,APPROVED,Not Applicable,2025-12-17T23:10:18.874000Z,2025-12-17T23:25:08.197000Z,2025-12-18T12:58:44.197000Z,2025-12-17T23:25:08.646810Z,890.0,4882634168,44,English,Yes,33,Female,Asian,China,United States,United States,Chinese,No,"Not in paid work (e.g. homemaker', 'retired or disabled)"
69433866b58f822fede4e2e3,5f4f9bc1f7598f06b2dc816f,SCREENED OUT,Not Applicable,2025-12-17T23:10:35.500000Z,2025-12-17T23:11:33.592000Z,,2025-12-17T23:11:33.840429Z,59.0,C1N42823,9999,English,Yes,72,Male,White,United States,United States,United States,English,No,"Not in paid work (e.g. homemaker', 'retired or disabled)"
694338a82775dcea7dfc1891,60b33ae6b9ae7ef799dcb5b4,SCREENED OUT,Not Applicable,2025-12-17T23:11:41.968000Z,2025-12-17T23:13:06.676000Z,,2025-12-17T23:13:06.943079Z,85.0,C1N42823,836,English,Yes,26,Female,White,United States,United States,United States,English,No,Full-Time
694338c931de947e3850e088,673a395e3cd0cb781ea31a44,SCREENED OUT,Not Applicable,2025-12-17T23:12:11.731000Z,2025-12-17T23:12:59.595000Z,,2025-12-17T23:12:59.836870Z,48.0,C1N42823,350,English,Yes,22,Male,White,United States,United States,United States,English,DATA_EXPIRED,DATA_EXPIRED
694338cb47186811981fa90e,673cc0c935b49103f2be1e27,APPROVED,Not Applicable,2025-12-17T23:12:15.093000Z,2025-12-17T23:26:16.865000Z,2025-12-18T16:34:19.496000Z,2025-12-17T23:26:17.245098Z,842.0,4203906300,3600,English,Yes,31,Male,White,United States,United States,United States,English,DATA_EXPIRED,DATA_EXPIRED
694338d7b4c110d68dcf0a02,6942e57738f4e53ee0c5442b,APPROVED,Not Applicable,2025-12-17T23:12:26.867000Z,2025-12-17T23:20:04.957000Z,2025-12-18T12:58:44.512000Z,2025-12-17T23:20:05.322285Z,459.0,3864340005,8,English,Yes,27,Female,White,United States,United States,United States,English,Yes,Due to start a new job within the next month
69433900ca38ca6256678ec3,67e1eeefc9703e2ae5e5c0b0,APPROVED,Not Applicable,2025-12-17T23:13:04.680000Z,2025-12-17T23:20:03.613000Z,2025-12-18T12:58:44.786000Z,2025-12-17T23:20:03.959387Z,419.0,4202797761,752,English,Yes,36,Male,White,United States,United States,United States,English,DATA_EXPIRED,DATA_EXPIRED
694339072f6613db8f7ab674,611dd070c87e8eef203770d9,APPROVED,Not Applicable,2025-12-17T23:13:15.682000Z,2025-12-17T23:45:27.423000Z,2025-12-18T16:55:17.660000Z,2025-12-17T23:45:27.775460Z,1932.0,4340842702,1717,English,Yes,48,Male,White,United States,United States,United States,English,DATA_EXPIRED,DATA_EXPIRED
6943391c7ef9cc5edea14ff1,662e89416a1d494ac9e84af3,SCREENED OUT,Not Applicable,2025-12-17T23:13:36.164000Z,2025-12-17T23:14:10.953000Z,,2025-12-17T23:14:11.184032Z,35.0,C1N42823,5894,English,Yes,46,Male,White,United States,United States,United States,English,No,DATA_EXPIRED
6943395285a8a0831d777e25,5ed559e5afbd830e2117ed55,APPROVED,Not Applicable,2025-12-17T23:14:28.894000Z,2025-12-17T23:37:07.499000Z,2025-12-18T12:58:45.054000Z,2025-12-17T23:37:07.865751Z,1359.0,7330714024,16691,English,Yes,64,Male,White,United States,United States,United States,English,No,Full-Time
694339bb3cf3fac5e537fd5e,5e6a285eb7c24208ef1b9569,SCREENED OUT,Not Applicable,2025-12-17T23:16:16.184000Z,2025-12-17T23:17:01.538000Z,,2025-12-17T23:17:01.778043Z,46.0,C1N42823,4539,English,Yes,45,Female,Black,United States,United States,United States,English,No,Full-Time
694339faf1a291ec7d6cc481,6751acc5dc78128951a34f1f,RETURNED,Not Applicable,2025-12-17T23:17:20.503000Z,,,2025-12-18T12:55:24.545820Z,,,7082,CONSENT_REVOKED,CONSENT_REVOKED,CONSENT_REVOKED,CONSENT_REVOKED,CONSENT_REVOKED,CONSENT_REVOKED,CONSENT_REVOKED,CONSENT_REVOKED,CONSENT_REVOKED,CONSENT_REVOKED,CONSENT_REVOKED
69433a77fa8974c3f0ad20d2,679a2c307537b1089a42c741,APPROVED,Not Applicable,2025-12-17T23:20:49.288000Z,2025-12-17T23:44:27.553000Z,2025-12-18T12:58:45.303000Z,2025-12-17T23:44:27.900928Z,1419.0,4449628979,58,English,Yes,40,Female,White,United States,United States,United States,English,No,Full-Time
69433aa5c53e1dba6eb8eafc,65ccfdf16bdcab83d5bd1163,APPROVED,Not Applicable,2025-12-17T23:20:08.339000Z,2025-12-17T23:31:28.154000Z,2025-12-18T12:58:45.558000Z,2025-12-17T23:31:28.531165Z,680.0,5751135750,4618,English,Yes,52,Female,White,United States,United States,United States,English,No,Full-Time
69433ab6016035e3043732a3,614662c1c31697525616534f,APPROVED,Not Applicable,2025-12-17T23:20:27.561000Z,2025-12-17T23:28:46.219000Z,2025-12-18T16:55:17.959000Z,2025-12-17T23:28:46.552198Z,499.0,9593894826,11791,English,Yes,63,Male,White,United States,United States,United States,English,No,Full-Time
69433af3145709861de5bd65,622ab357bb3af819f2e5df3b,APPROVED,Not Applicable,2025-12-17T23:21:38.502000Z,2025-12-17T23:40:55.491000Z,2025-12-18T12:58:45.809000Z,2025-12-17T23:40:55.840421Z,1157.0,7527675646,5474,English,Yes,61,Male,White,United States,United States,United States,English,DATA_EXPIRED,DATA_EXPIRED
69433b0fc07dfd9ecb86943e,652359572fd30ff57dfea7fb,SCREENED OUT,Not Applicable,2025-12-17T23:26:32.276000Z,2025-12-17T23:27:49.243000Z,,2025-12-17T23:27:49.455415Z,77.0,C1N42823,2668,English,Yes,53,Female,White,United States,United States,United States,English,DATA_EXPIRED,DATA_EXPIRED
69433be3acd607d163f4deff,5ff591cba89e1b000bfb9852,RETURNED,Not Applicable,2025-12-17T23:25:26.435000Z,,,2025-12-18T12:55:24.545677Z,,,17111,CONSENT_REVOKED,CONSENT_REVOKED,CONSENT_REVOKED,CONSENT_REVOKED,CONSENT_REVOKED,CONSENT_REVOKED,CONSENT_REVOKED,CONSENT_REVOKED,CONSENT_REVOKED,CONSENT_REVOKED,CONSENT_REVOKED
69433bfec9b204328db55984,6772e5da8e7f5a628ec140fb,RETURNED,Not Applicable,2025-12-17T23:25:54.289000Z,,,2025-12-18T12:55:24.548809Z,,,185,CONSENT_REVOKED,CONSENT_REVOKED,CONSENT_REVOKED,CONSENT_REVOKED,CONSENT_REVOKED,CONSENT_REVOKED,CONSENT_REVOKED,CONSENT_REVOKED,CONSENT_REVOKED,CONSENT_REVOKED,CONSENT_REVOKED
69433c2c2412bf337ee0c2a1,62c31e3d37522ffaa26aadc2,RETURNED,Not Applicable,2025-12-17T23:26:39.448000Z,,,2025-12-18T12:55:24.548203Z,,,4856,CONSENT_REVOKED,CONSENT_REVOKED,CONSENT_REVOKED,CONSENT_REVOKED,CONSENT_REVOKED,CONSENT_REVOKED,CONSENT_REVOKED,CONSENT_REVOKED,CONSENT_REVOKED,CONSENT_REVOKED,CONSENT_REVOKED
69433c2fb2d233096fb4d7d8,675597aa8edbd645627043a1,SCREENED OUT,Not Applicable,2025-12-17T23:26:43.195000Z,2025-12-17T23:27:30.805000Z,,2025-12-17T23:27:31.035404Z,48.0,C1N42823,3271,English,Yes,34,Male,Asian,Vietnam,United States,United States,Vietnamese,No,Full-Time
69433c3088c12ccc766cc6c9,676f2ff678d74407b518207d,SCREENED OUT,Not Applicable,2025-12-17T23:26:45.202000Z,2025-12-17T23:27:24.825000Z,,2025-12-17T23:27:25.058732Z,40.0,C1N42823,7442,English,Yes,39,Male,Asian,United States,United States,United States,English,No,Full-Time
69433c456b5f0ede1a95390a,66a53f0e7f48598d440de084,SCREENED OUT,Not Applicable,2025-12-17T23:27:05.201000Z,2025-12-17T23:27:43.740000Z,,2025-12-17T23:27:43.975590Z,39.0,C1N42823,2047,English,Yes,48,Female,Black,United States,United States,United States,English,No,Full-Time
69433c5e81f13176c54722a8,67ab317d4245c4e2b33e2753,RETURNED,Not Applicable,2025-12-17T23:27:40.034000Z,,,2025-12-18T12:55:24.549510Z,,,3956,CONSENT_REVOKED,CONSENT_REVOKED,CONSENT_REVOKED,CONSENT_REVOKED,CONSENT_REVOKED,CONSENT_REVOKED,CONSENT_REVOKED,CONSENT_REVOKED,CONSENT_REVOKED,CONSENT_REVOKED,CONSENT_REVOKED
69433c650c16615381b1a0fa,67ac5f2b94b08886739a0003,RETURNED,Not Applicable,2025-12-17T23:27:51.534000Z,,,2025-12-18T12:55:24.552243Z,,,1226,CONSENT_REVOKED,CONSENT_REVOKED,CONSENT_REVOKED,CONSENT_REVOKED,CONSENT_REVOKED,CONSENT_REVOKED,CONSENT_REVOKED,CONSENT_REVOKED,CONSENT_REVOKED,CONSENT_REVOKED,CONSENT_REVOKED
69433c7004c66cdca20e9123,629a4709039b1725f3a0727a,SCREENED OUT,Not Applicable,2025-12-17T23:27:49.051000Z,2025-12-17T23:28:52.682000Z,,2025-12-17T23:28:52.930238Z,64.0,C1N42823,6525,English,Yes,45,Female,White,United States,United States,United States,English,No,Full-Time
69433c8839ad088ac535e36b,6941f4702f33a91517374f25,SCREENED OUT,Not Applicable,2025-12-17T23:28:10.776000Z,2025-12-17T23:28:29.717000Z,,2025-12-17T23:28:29.954233Z,19.0,C1N42823,19,English,Yes,30,Female,Asian,United States,United States,United States,English,No,Full-Time
69433ca1a85375dc02ea6085,6516d8eb49865c2cea5ff3d8,SCREENED OUT,Not Applicable,2025-12-17T23:28:33.137000Z,2025-12-17T23:29:27.450000Z,,2025-12-17T23:29:27.712322Z,55.0,C1N42823,3412,English,Yes,57,Male,White,United States,United States,United States,English,No,Full-Time
69433cbb64a3cf0179b20558,6730202dcb4ba16a3665fd44,SCREENED OUT,Not Applicable,2025-12-17T23:29:06.225000Z,2025-12-17T23:30:26.820000Z,,2025-12-17T23:30:27.060917Z,81.0,C1N42823,1392,English,Yes,52,Female,White,United States,United States,United States,Armenian,No,Part-Time
69433cbda38c61bd30dac4dd,6296290ec41bde1525dbb77e,SCREENED OUT,Not Applicable,2025-12-17T23:29:08.670000Z,2025-12-17T23:29:36.911000Z,,2025-12-17T23:29:37.125951Z,29.0,C1N42823,5804,English,Yes,39,Male,White,United States,United States,United States,English,No,Other
69433cc6cd449b22a44b6dcc,670e0894d478dd59fab43b1a,RETURNED,Not Applicable,2025-12-17T23:29:13.725000Z,,,2025-12-18T12:55:24.555300Z,,,1705,CONSENT_REVOKED,CONSENT_REVOKED,CONSENT_REVOKED,CONSENT_REVOKED,CONSENT_REVOKED,CONSENT_REVOKED,CONSENT_REVOKED,CONSENT_REVOKED,CONSENT_REVOKED,CONSENT_REVOKED,CONSENT_REVOKED
69433cde97e20bc7240001ea,6841f4329a9deda70eae9ed4,SCREENED OUT,Not Applicable,2025-12-17T23:29:47.877000Z,2025-12-17T23:31:07.792000Z,,2025-12-17T23:31:08.026924Z,80.0,C1N42823,3410,English,Yes,67,Female,White,United States,United States,United States,English,No,Part-Time
69433ce58ef577be621699fe,666f4e508e12704f87264402,SCREENED OUT,Not Applicable,2025-12-17T23:29:45.738000Z,2025-12-17T23:30:35.181000Z,,2025-12-17T23:30:35.395407Z,50.0,C1N42823,3585,English,Yes,71,Male,Black,United States,United States,United States,English,No,"Not in paid work (e.g. homemaker', 'retired or disabled)"
69433ce98527bc66754b6ff9,680dd64de990610e29e3ae30,RETURNED,Not Applicable,2025-12-17T23:29:53.414000Z,,,2025-12-18T12:55:24.555494Z,,,1650,CONSENT_REVOKED,CONSENT_REVOKED,CONSENT_REVOKED,CONSENT_REVOKED,CONSENT_REVOKED,CONSENT_REVOKED,CONSENT_REVOKED,CONSENT_REVOKED,CONSENT_REVOKED,CONSENT_REVOKED,CONSENT_REVOKED
69433d0a6c43849d7b56cf0d,652ecb92078fe073ab29b920,RETURNED,Not Applicable,2025-12-17T23:30:36.602000Z,2025-12-17T23:31:39.489000Z,,2025-12-18T12:55:24.557054Z,,5827029348,2025,CONSENT_REVOKED,CONSENT_REVOKED,CONSENT_REVOKED,CONSENT_REVOKED,CONSENT_REVOKED,CONSENT_REVOKED,CONSENT_REVOKED,CONSENT_REVOKED,CONSENT_REVOKED,CONSENT_REVOKED,CONSENT_REVOKED
69433d157b2cf5866eaa7bbf,60f853cd86a859bfa351a37c,APPROVED,Not Applicable,2025-12-17T23:30:40.898000Z,2025-12-17T23:49:10.214000Z,2025-12-18T12:58:46.065000Z,2025-12-17T23:49:10.590731Z,1110.0,4772220033,2124,English,Yes,31,Female,Black,United States,United States,United States,English,No,Full-Time
69433d1e0ef0ee30f926e5b5,60ff71e1eb578507681ddca3,APPROVED,Not Applicable,2025-12-17T23:30:42.809000Z,2025-12-17T23:46:59.771000Z,2025-12-18T12:58:46.322000Z,2025-12-17T23:47:00.121655Z,977.0,9642098498,160,English,Yes,29,Female,White,United States,United States,United States,English,DATA_EXPIRED,DATA_EXPIRED
69433d40286af7eca3c54d9e,558823c2fdf99b318cb4224b,APPROVED,Not Applicable,2025-12-17T23:31:15.403000Z,2025-12-17T23:46:53.911000Z,2025-12-18T12:58:46.569000Z,2025-12-17T23:46:54.259391Z,939.0,7937141884,10516,English,Yes,36,Male,White,United States,United States,United States,English,No,Full-Time
69433d4043c602d84415c057,663ae3f35b81791c40865be5,APPROVED,Not Applicable,2025-12-17T23:31:16.467000Z,2025-12-17T23:42:11.586000Z,2025-12-18T12:58:46.838000Z,2025-12-17T23:42:11.939223Z,656.0,2993093675,3266,English,Yes,39,Female,White,United States,United States,United States,English,No,Part-Time
69433d54dfdc9e594f10b317,65031ea9cb2723bf741d4151,SCREENED OUT,Not Applicable,2025-12-17T23:31:37.455000Z,2025-12-17T23:32:17.104000Z,,2025-12-17T23:32:17.354711Z,40.0,C1N42823,3488,English,Yes,33,Female,Mixed,United States,United States,United States,English,No,Full-Time
69433d5b571e01466cdac1ba,67d94f701307ac0887c44909,RETURNED,Not Applicable,2025-12-17T23:32:19.806000Z,,,2025-12-18T12:55:24.557948Z,,,1263,CONSENT_REVOKED,CONSENT_REVOKED,CONSENT_REVOKED,CONSENT_REVOKED,CONSENT_REVOKED,CONSENT_REVOKED,CONSENT_REVOKED,CONSENT_REVOKED,CONSENT_REVOKED,CONSENT_REVOKED,CONSENT_REVOKED
69433de82f4b4cff10af24d7,5d8b69704a2eb200174c772a,RETURNED,Not Applicable,2025-12-17T23:34:07.488000Z,,,2025-12-18T12:55:24.561690Z,,,578,CONSENT_REVOKED,CONSENT_REVOKED,CONSENT_REVOKED,CONSENT_REVOKED,CONSENT_REVOKED,CONSENT_REVOKED,CONSENT_REVOKED,CONSENT_REVOKED,CONSENT_REVOKED,CONSENT_REVOKED,CONSENT_REVOKED
69433e19edead1d484eb82dd,5d49a0b751695e0001a188a8,RETURNED,Not Applicable,2025-12-17T23:34:53.454000Z,,,2025-12-18T12:55:24.563246Z,,,11930,CONSENT_REVOKED,CONSENT_REVOKED,CONSENT_REVOKED,CONSENT_REVOKED,CONSENT_REVOKED,CONSENT_REVOKED,CONSENT_REVOKED,CONSENT_REVOKED,CONSENT_REVOKED,CONSENT_REVOKED,CONSENT_REVOKED
69433e91a86cc2bb42ba13f3,55b5f6b6fdf99b713277dc94,APPROVED,Not Applicable,2025-12-17T23:42:59.268000Z,2025-12-17T23:56:24.135000Z,2025-12-18T16:36:22.693000Z,2025-12-17T23:56:24.649135Z,805.0,5975375309,4590,English,Yes,44,Male,White,United States,United States,United States,English,No,Full-Time
69433eab6c43849d7b56cf44,5cfc7489e289a80016b6e29f,RETURNED,Not Applicable,2025-12-17T23:37:21.823000Z,,,2025-12-18T12:55:24.569680Z,,,5086,CONSENT_REVOKED,CONSENT_REVOKED,CONSENT_REVOKED,CONSENT_REVOKED,CONSENT_REVOKED,CONSENT_REVOKED,CONSENT_REVOKED,CONSENT_REVOKED,CONSENT_REVOKED,CONSENT_REVOKED,CONSENT_REVOKED
69433ec1205acb2aae3c12e9,65c14d7f2be2a7131ee99c05,RETURNED,Not Applicable,2025-12-17T23:37:42.675000Z,,,2025-12-18T12:55:25.174076Z,,,94,CONSENT_REVOKED,CONSENT_REVOKED,CONSENT_REVOKED,CONSENT_REVOKED,CONSENT_REVOKED,CONSENT_REVOKED,CONSENT_REVOKED,CONSENT_REVOKED,CONSENT_REVOKED,CONSENT_REVOKED,CONSENT_REVOKED
69433ef347805759834093e8,6942cc21e18720ec009c709c,RETURNED,Not Applicable,2025-12-17T23:38:30.128000Z,,,2025-12-18T12:55:24.569051Z,,,23,CONSENT_REVOKED,CONSENT_REVOKED,CONSENT_REVOKED,CONSENT_REVOKED,CONSENT_REVOKED,CONSENT_REVOKED,CONSENT_REVOKED,CONSENT_REVOKED,CONSENT_REVOKED,CONSENT_REVOKED,CONSENT_REVOKED
69433f763e72c48222fac065,677c5e96582459bcf49e80da,RETURNED,Not Applicable,2025-12-17T23:40:44.687000Z,,,2025-12-18T12:55:24.567496Z,,,2324,CONSENT_REVOKED,CONSENT_REVOKED,CONSENT_REVOKED,CONSENT_REVOKED,CONSENT_REVOKED,CONSENT_REVOKED,CONSENT_REVOKED,CONSENT_REVOKED,CONSENT_REVOKED,CONSENT_REVOKED,CONSENT_REVOKED
69433f9722a654759b360d1a,5c85fe8e36f2450001c86df8,RETURNED,Not Applicable,2025-12-17T23:41:27.654000Z,,,2025-12-18T12:55:24.576603Z,,,4861,CONSENT_REVOKED,CONSENT_REVOKED,CONSENT_REVOKED,CONSENT_REVOKED,CONSENT_REVOKED,CONSENT_REVOKED,CONSENT_REVOKED,CONSENT_REVOKED,CONSENT_REVOKED,CONSENT_REVOKED,CONSENT_REVOKED
69433fad2cddf0588089c613,66dbcd925a892940ba9108ee,RETURNED,Not Applicable,2025-12-17T23:41:37.324000Z,,,2025-12-18T12:55:24.573121Z,,,484,CONSENT_REVOKED,CONSENT_REVOKED,CONSENT_REVOKED,CONSENT_REVOKED,CONSENT_REVOKED,CONSENT_REVOKED,CONSENT_REVOKED,CONSENT_REVOKED,CONSENT_REVOKED,CONSENT_REVOKED,CONSENT_REVOKED
69433fc2c31d331ee2953d80,66e5074b8d1380a5c04d209b,SCREENED OUT,Not Applicable,2025-12-17T23:41:59.726000Z,2025-12-17T23:43:14.163000Z,,2025-12-17T23:43:14.383120Z,75.0,C1N42823,1217,English,Yes,45,Male,White,United States,United States,United States,English,No,Full-Time
69433fdaf577efaaf5a7872b,6787eeb21b4f7848f1047647,SCREENED OUT,Not Applicable,2025-12-17T23:42:23.197000Z,2025-12-17T23:43:21.495000Z,,2025-12-17T23:43:21.739710Z,59.0,C1N42823,1626,English,Yes,39,Male,White,United States,United States,United States,English,No,Full-Time
69433fdb5d0ef0fd66b08208,614e0468bbbac16be38fa13f,SCREENED OUT,Not Applicable,2025-12-17T23:42:25.027000Z,2025-12-17T23:43:04.140000Z,,2025-12-17T23:43:04.374717Z,40.0,C1N42823,6018,English,Yes,50,Male,White,United States,United States,United States,English,No,Full-Time
69433fdcf1509bd9f970cc85,66bd2f936ab3b23d4a8abbe3,SCREENED OUT,Not Applicable,2025-12-17T23:42:24.017000Z,2025-12-17T23:42:53.162000Z,,2025-12-17T23:42:53.558042Z,30.0,C1N42823,5393,English,Yes,34,Female,White,United States,United States,United States,English,No,Full-Time
6943400098ac99834d20c7bc,5ca60cd95a6f9a0015b2d034,RETURNED,Not Applicable,2025-12-17T23:43:04.882000Z,,,2025-12-18T12:55:24.579903Z,,,8641,CONSENT_REVOKED,CONSENT_REVOKED,CONSENT_REVOKED,CONSENT_REVOKED,CONSENT_REVOKED,CONSENT_REVOKED,CONSENT_REVOKED,CONSENT_REVOKED,CONSENT_REVOKED,CONSENT_REVOKED,CONSENT_REVOKED
6943402897e20bc72400022b,6674eefd504b2b1f23e17996,RETURNED,Not Applicable,2025-12-17T23:43:41.183000Z,,,2025-12-18T12:55:24.576019Z,,,869,CONSENT_REVOKED,CONSENT_REVOKED,CONSENT_REVOKED,CONSENT_REVOKED,CONSENT_REVOKED,CONSENT_REVOKED,CONSENT_REVOKED,CONSENT_REVOKED,CONSENT_REVOKED,CONSENT_REVOKED,CONSENT_REVOKED
69434028c5a8f60177678c7c,66d40e332be72e1fc3f10994,SCREENED OUT,Not Applicable,2025-12-17T23:43:43.003000Z,2025-12-17T23:46:51.124000Z,,2025-12-17T23:46:51.362402Z,189.0,C1N42823,1319,English,Yes,36,Female,DATA_EXPIRED,United States,United States,United States,English,No,Full-Time
69434028df48ff3686d77d3b,5ca6bbf13b5fcf00100996e9,RETURNED,Not Applicable,2025-12-17T23:43:40.120000Z,,,2025-12-18T12:55:24.578268Z,,,6941,CONSENT_REVOKED,CONSENT_REVOKED,CONSENT_REVOKED,CONSENT_REVOKED,CONSENT_REVOKED,CONSENT_REVOKED,CONSENT_REVOKED,CONSENT_REVOKED,CONSENT_REVOKED,CONSENT_REVOKED,CONSENT_REVOKED
6943404149e54613d9813e30,664821456b1a84d987baed00,TIMED-OUT,Not Applicable,2025-12-17T23:44:07.520000Z,,,2025-12-18T12:55:24.586401Z,47478.0,,2101,English,Yes,34,Female,Mixed,United States,United States,United States,English,DATA_EXPIRED,DATA_EXPIRED
694340573909ba3c2647266b,63bc706d2d98da23f8fa3d88,RETURNED,Not Applicable,2025-12-17T23:44:29.589000Z,,,2025-12-18T12:55:24.583358Z,,,601,CONSENT_REVOKED,CONSENT_REVOKED,CONSENT_REVOKED,CONSENT_REVOKED,CONSENT_REVOKED,CONSENT_REVOKED,CONSENT_REVOKED,CONSENT_REVOKED,CONSENT_REVOKED,CONSENT_REVOKED,CONSENT_REVOKED
6943405ce9accc7da4b95161,67a3d7630e4bb8e956829fca,RETURNED,Not Applicable,2025-12-17T23:44:35.432000Z,2025-12-17T23:46:24.079000Z,,2025-12-18T12:55:24.584112Z,,"none received, study didn't work",4294,CONSENT_REVOKED,CONSENT_REVOKED,CONSENT_REVOKED,CONSENT_REVOKED,CONSENT_REVOKED,CONSENT_REVOKED,CONSENT_REVOKED,CONSENT_REVOKED,CONSENT_REVOKED,CONSENT_REVOKED,CONSENT_REVOKED
6943405e3f23234ebdf432c6,6272bd000471b3d9ed5d4da5,RETURNED,Not Applicable,2025-12-17T23:44:30.667000Z,,,2025-12-18T12:55:24.587903Z,,,5213,CONSENT_REVOKED,CONSENT_REVOKED,CONSENT_REVOKED,CONSENT_REVOKED,CONSENT_REVOKED,CONSENT_REVOKED,CONSENT_REVOKED,CONSENT_REVOKED,CONSENT_REVOKED,CONSENT_REVOKED,CONSENT_REVOKED
694340a624a621d77c9f1091,676e468736ae0c0d06bd4403,SCREENED OUT,Not Applicable,2025-12-17T23:45:48.149000Z,2025-12-17T23:46:30.538000Z,,2025-12-17T23:46:30.830979Z,43.0,C1N42823,318,English,Yes,37,Male,White,United States,United States,United States,English,No,Unemployed (and job seeking)
694340d4ba6f4171b1bc4801,5c0b388b9c7b1100015ab55f,SCREENED OUT,Not Applicable,2025-12-17T23:46:32.089000Z,2025-12-17T23:47:56.692000Z,,2025-12-17T23:47:56.907202Z,85.0,C1N42823,10848,English,Yes,57,Female,White,United States,United States,United States,English,No,Full-Time
694340e0e8f62bcc6c58a56f,673b8d1448db4a031a4a90b2,APPROVED,Not Applicable,2025-12-17T23:46:43.805000Z,2025-12-18T00:04:05.616000Z,2025-12-18T12:58:47.107000Z,2025-12-18T00:04:05.985889Z,1042.0,5180696142,2925,English,Yes,34,Male,White,United States,United States,United States,English,DATA_EXPIRED,DATA_EXPIRED
694340ef9dffbe0443e1f4a1,61521b77189f1ecd957345d7,RETURNED,Not Applicable,2025-12-17T23:47:06.076000Z,,,2025-12-18T12:55:24.586007Z,,,1500,CONSENT_REVOKED,CONSENT_REVOKED,CONSENT_REVOKED,CONSENT_REVOKED,CONSENT_REVOKED,CONSENT_REVOKED,CONSENT_REVOKED,CONSENT_REVOKED,CONSENT_REVOKED,CONSENT_REVOKED,CONSENT_REVOKED
694340f26f6919aaac9cb072,60fd6618f9a377f54dcdf318,APPROVED,Not Applicable,2025-12-17T23:47:44.573000Z,2025-12-17T23:56:22.046000Z,2025-12-18T16:55:18.218000Z,2025-12-17T23:56:22.401029Z,518.0,8546008929,20330,English,Yes,39,Male,Mixed,United States,United States,United States,English,Yes,Full-Time
694340f7dfdc9e594f10b38f,60fda57e0916dfe2157c9b00,APPROVED,Not Applicable,2025-12-17T23:47:06.320000Z,2025-12-17T23:57:04.547000Z,2025-12-18T12:58:47.375000Z,2025-12-17T23:57:04.980735Z,599.0,9811177752,10047,English,Yes,26,Female,White,United States,United States,United States,English,Yes,Full-Time
694340f88a5e2c0d602ec15a,63ea751b7686e752f5ef78b2,APPROVED,Not Applicable,2025-12-17T23:47:08.938000Z,2025-12-17T23:57:34.475000Z,2025-12-18T12:58:47.628000Z,2025-12-17T23:57:34.848359Z,626.0,9002360135,8055,English,Yes,68,Male,White,United States,United States,United States,English,No,Full-Time
6943414123cadc2fe52b58a5,5fd6f3d6d15e6e6631abd0f1,TIMED-OUT,Not Applicable,2025-12-17T23:48:24.660000Z,,,2025-12-18T12:55:24.590242Z,47220.0,,2860,English,Yes,35,Female,White,United States,United States,United States,English,No,Unemployed (and job seeking)
6943417d8fe7aee3406997d8,668dbe0e2f03a56b4be09db7,APPROVED,Not Applicable,2025-12-17T23:49:21.599000Z,2025-12-17T23:59:25.760000Z,2025-12-18T12:58:47.891000Z,2025-12-17T23:59:26.102769Z,605.0,4132808568,554,English,Yes,20,Male,White,United States,United States,United States,English,Yes,Part-Time
69434334a944c1eaf923c4b8,5f16f559325a640008bb9a07,RETURNED,Not Applicable,2025-12-17T23:56:40.380000Z,,,2025-12-18T12:55:24.592533Z,,,16366,CONSENT_REVOKED,CONSENT_REVOKED,CONSENT_REVOKED,CONSENT_REVOKED,CONSENT_REVOKED,CONSENT_REVOKED,CONSENT_REVOKED,CONSENT_REVOKED,CONSENT_REVOKED,CONSENT_REVOKED,CONSENT_REVOKED
69434339bb1e73a29e2f2a7d,5c7c1f95e926fc00160b4b45,APPROVED,Not Applicable,2025-12-17T23:56:45.564000Z,2025-12-18T00:02:28.432000Z,2025-12-18T12:58:48.141000Z,2025-12-18T00:02:29.097217Z,343.0,4073162163,5463,English,Yes,60,Female,White,United States,United States,United States,English,No,Part-Time
6943435438308413566ca7a6,6732dd2ad292849faaca9cd3,RETURNED,Not Applicable,2025-12-17T23:57:17.249000Z,,,2025-12-18T12:55:24.595142Z,,,1821,CONSENT_REVOKED,CONSENT_REVOKED,CONSENT_REVOKED,CONSENT_REVOKED,CONSENT_REVOKED,CONSENT_REVOKED,CONSENT_REVOKED,CONSENT_REVOKED,CONSENT_REVOKED,CONSENT_REVOKED,CONSENT_REVOKED
69434378f81f692fc4ef543a,60c8467d9872c0d83f695499,SCREENED OUT,Not Applicable,2025-12-17T23:57:47.187000Z,2025-12-17T23:58:27.171000Z,,2025-12-17T23:58:27.382120Z,40.0,C1N42823,6895,English,Yes,31,Female,White,United States,United States,United States,English,No,Full-Time
694343ee96e61449243d5993,664b8bef90cdb799d4c4c35d,APPROVED,Not Applicable,2025-12-17T23:59:46.405000Z,2025-12-18T00:12:55.112000Z,2025-12-18T12:58:48.406000Z,2025-12-18T00:12:55.479983Z,789.0,3177483175,3388,English,Yes,31,Male,White,United States,United States,United States,English,No,Full-Time
6943449cf0d2b185a88cdedc,5ec5a42a646f515ef0e3f68b,RETURNED,Not Applicable,2025-12-18T00:04:00.651000Z,,,2025-12-18T12:55:24.590342Z,,,12306,CONSENT_REVOKED,CONSENT_REVOKED,CONSENT_REVOKED,CONSENT_REVOKED,CONSENT_REVOKED,CONSENT_REVOKED,CONSENT_REVOKED,CONSENT_REVOKED,CONSENT_REVOKED,CONSENT_REVOKED,CONSENT_REVOKED
69434500378e691f5d49925d,636d6ce3fb3683ff33f9e514,SCREENED OUT,Not Applicable,2025-12-18T00:04:20.876000Z,2025-12-18T00:04:30.954000Z,,2025-12-18T00:04:31.174203Z,11.0,C1N42823,10190,English,Yes,52,Male,White,United States,United States,United States,English,No,Full-Time
69434515f841114c4403098a,5ee04a3f7dfcae39390e6553,SCREENED OUT,Not Applicable,2025-12-18T00:04:45.650000Z,2025-12-18T00:05:34.401000Z,,2025-12-18T00:05:34.687772Z,49.0,C1N42823,5405,English,Yes,40,Male,White,United States,United States,United States,English,No,Unemployed (and job seeking)
694345308b0e6c6f2de2370b,66d719a522a3689e93fd0351,SCREENED OUT,Not Applicable,2025-12-18T00:05:07.581000Z,2025-12-18T00:06:16.146000Z,,2025-12-18T00:06:16.398201Z,69.0,C1N42823,2954,English,Yes,34,Male,White,United States,United States,United States,English,No,"Not in paid work (e.g. homemaker', 'retired or disabled)"
6943469ef949755b352c2cc6,67842c60c9cba1e154a69bbd,APPROVED,Not Applicable,2025-12-18T00:11:26.250000Z,2025-12-18T00:21:36.308000Z,2025-12-18T16:55:18.530000Z,2025-12-18T00:21:36.664271Z,611.0,NOCODE,3776,English,Yes,44,Male,Black,United States,United States,United States,English,No,Full-Time
694346e6e51cd5b64c1194d9,5e8fb6ba9b5ff02b5150ab10,APPROVED,Not Applicable,2025-12-18T00:12:26.027000Z,2025-12-18T00:46:09.985000Z,2025-12-18T12:58:48.681000Z,2025-12-18T00:46:10.329355Z,2024.0,9637305093,5564,English,Yes,28,Male,White,United States,United States,United States,English,No,Full-Time
69434718edacfc1a6f538f47,63d5b810f3dbbd11e7e65870,APPROVED,Not Applicable,2025-12-18T00:13:31.120000Z,2025-12-18T00:32:04.973000Z,2025-12-18T12:58:49.626000Z,2025-12-18T00:32:05.314623Z,1114.0,5488775610,3068,English,Yes,33,Female,Black,United States,United States,United States,English,Yes,Full-Time
6943492249e54613d9813ebf,67858fffbdfd020464712859,APPROVED,Not Applicable,2025-12-18T00:21:59.421000Z,2025-12-18T00:40:22.732000Z,2025-12-18T12:58:49.932000Z,2025-12-18T00:40:23.093963Z,1104.0,2265318377,3523,English,Yes,63,Male,White,Canada,United States,United States,English,No,Full-Time
69434b9ae983f521c49536ce,5cde02d000d670000184ea3b,APPROVED,Not Applicable,2025-12-18T00:32:35.511000Z,2025-12-18T00:43:11.698000Z,2025-12-18T12:58:50.169000Z,2025-12-18T00:43:12.038463Z,637.0,5350304761,894,English,Yes,34,Female,White,United States,United States,United States,English,No,Full-Time
69434bc786b596d1187cfc66,66c1175e2a6eac30bb107cf1,APPROVED,Not Applicable,2025-12-18T00:33:16.820000Z,2025-12-18T00:39:47.019000Z,2025-12-18T12:58:50.402000Z,2025-12-18T00:39:47.379043Z,391.0,7208450850,1290,English,Yes,31,Female,White,United States,United States,United States,English,No,Part-Time
69434ccc54e2a6e9c380b584,668ea360b3cfdc9f4be81032,SCREENED OUT,Not Applicable,2025-12-18T00:37:36.691000Z,2025-12-18T00:38:04.313000Z,,2025-12-18T00:38:04.547783Z,28.0,C1N42823,214,English,Yes,32,Male,White,United States,United States,United States,English,DATA_EXPIRED,DATA_EXPIRED
69434d5e2728faf2b65880c4,61155a7ed7bb8ba7da579301,SCREENED OUT,Not Applicable,2025-12-18T00:40:02.899000Z,2025-12-18T00:40:50.515000Z,,2025-12-18T00:40:50.749754Z,48.0,C1N42823,2353,English,Yes,28,Female,White,United States,United States,United States,English,DATA_EXPIRED,DATA_EXPIRED
69434d7b644f5fe6a6364295,65c017a404cde4687fdad22e,APPROVED,Not Applicable,2025-12-18T00:40:34.148000Z,2025-12-18T00:52:30.677000Z,2025-12-18T12:58:50.656000Z,2025-12-18T00:52:31.027365Z,717.0,4012913950,5237,English,Yes,68,Male,White,United States,United States,United States,English,Yes,"Not in paid work (e.g. homemaker', 'retired or disabled)"
69434e3537cb94c8a4640492,6691bc059b0182b0bdd7d682,SCREENED OUT,Not Applicable,2025-12-18T00:43:40.049000Z,2025-12-18T00:44:53.419000Z,,2025-12-18T00:44:53.645793Z,74.0,C1N42823,6311,English,Yes,57,Male,Mixed,United States,United States,United States,English,No,Part-Time
69434ee2c5d838b61438e30f,63ea6344bf5cfafd40b0dce2,APPROVED,Not Applicable,2025-12-18T00:46:38.617000Z,2025-12-18T00:54:43.951000Z,2025-12-18T12:58:50.907000Z,2025-12-18T00:54:44.295827Z,486.0,6288524113,5175,English,Yes,33,Female,Black,United States,United States,United States,English,Yes,Full-Time
694350804904382df756d2ec,655b67f729177b2ec81552b3,SCREENED OUT,Not Applicable,2025-12-18T00:53:35.243000Z,2025-12-18T00:54:13.414000Z,,2025-12-18T00:54:13.629982Z,39.0,C1N42823,2557,English,Yes,52,Female,White,United States,United States,United States,English,No,Full-Time
694350e785b686751e13b940,6694251bbfc3e4a246f8125a,APPROVED,Not Applicable,2025-12-18T00:55:06.115000Z,2025-12-18T01:24:15.264000Z,2025-12-18T12:58:51.177000Z,2025-12-18T01:24:15.635913Z,1750.0,7439111693,4102,English,Yes,52,Female,White,United States,United States,United States,English,No,Full-Time
694357ca0a1a501b18045458,61015eeeac2c6fae4f3696c6,APPROVED,Not Applicable,2025-12-18T01:24:32.836000Z,2025-12-18T01:36:50.431000Z,2025-12-18T12:58:51.447000Z,2025-12-18T01:36:50.779974Z,738.0,9488770986,7679,English,Yes,54,Female,Other,United States,United States,United States,English,No,Full-Time
69435aba43c602d84415c297,612e91f6654fd2227289c863,RETURNED,Not Applicable,2025-12-18T01:37:01.450000Z,2025-12-18T01:37:19.032000Z,,2025-12-18T12:55:24.601994Z,,6105900972,10424,CONSENT_REVOKED,CONSENT_REVOKED,CONSENT_REVOKED,CONSENT_REVOKED,CONSENT_REVOKED,CONSENT_REVOKED,CONSENT_REVOKED,CONSENT_REVOKED,CONSENT_REVOKED,CONSENT_REVOKED,CONSENT_REVOKED
69435ad8f26502ed8ca3c757,62c5cdfe50000fce3e390be0,APPROVED,Not Applicable,2025-12-18T01:37:32.398000Z,2025-12-18T01:48:15.296000Z,2025-12-18T12:58:51.737000Z,2025-12-18T01:48:15.636483Z,643.0,4757600056,4090,"English, Portuguese, Spanish",Yes,22,Female,Other,United States,United States,United States,English,DATA_EXPIRED,DATA_EXPIRED
69435d65e8df1b11a723c953,66be3ed60ce8896e4feb1003,APPROVED,Not Applicable,2025-12-18T01:48:26.358000Z,2025-12-18T01:55:47.751000Z,2025-12-18T12:58:51.985000Z,2025-12-18T01:55:48.115097Z,442.0,1076247239,4950,English,Yes,51,Female,White,United States,United States,United States,English,No,Full-Time
69435f3434d37d8b56f47eb5,610c56ddc029efbacb229c71,SCREENED OUT,Not Applicable,2025-12-18T01:56:08.556000Z,2025-12-18T01:56:26.233000Z,,2025-12-18T01:56:26.465856Z,18.0,C1N42823,10222,English,Yes,58,Female,White,United States,United States,United States,English,No,"Not in paid work (e.g. homemaker', 'retired or disabled)"
69432be452470fbb52ece0a2,66293a97afaf09c613477f83,REJECTED,Not Applicable,2025-12-17T22:17:10.828000Z,2025-12-17T22:55:48.342000Z,2025-12-18T16:33:24.578000Z,2025-12-17T22:55:48.702000Z,2318.0,7832016915,4608,CONSENT_REVOKED,CONSENT_REVOKED,CONSENT_REVOKED,CONSENT_REVOKED,CONSENT_REVOKED,CONSENT_REVOKED,CONSENT_REVOKED,CONSENT_REVOKED,CONSENT_REVOKED,CONSENT_REVOKED,CONSENT_REVOKED
6943350217e3df1161010401,5e07a0898dffa00ff1aaf60f,REJECTED,Not Applicable,2025-12-17T22:56:08.818000Z,2025-12-17T23:10:14.123000Z,2025-12-18T16:37:58.578000Z,2025-12-17T23:10:14.491000Z,846.0,7288455629,10236,CONSENT_REVOKED,CONSENT_REVOKED,CONSENT_REVOKED,CONSENT_REVOKED,CONSENT_REVOKED,CONSENT_REVOKED,CONSENT_REVOKED,CONSENT_REVOKED,CONSENT_REVOKED,CONSENT_REVOKED,CONSENT_REVOKED
694338a4aa5bde138026acf2,5bf4afe0b8e9f800014c9c0b,RETURNED,Not Applicable,2025-12-17T23:11:35.201000Z,2025-12-17T23:11:47.886000Z,,2025-12-17T23:11:48.249000Z,,5025106824,12050,CONSENT_REVOKED,CONSENT_REVOKED,CONSENT_REVOKED,CONSENT_REVOKED,CONSENT_REVOKED,CONSENT_REVOKED,CONSENT_REVOKED,CONSENT_REVOKED,CONSENT_REVOKED,CONSENT_REVOKED,CONSENT_REVOKED
69433d82b4299ac5cda7de17,5d29cc8869a747001acdb3c1,REJECTED,Not Applicable,2025-12-17T23:32:23.058000Z,2025-12-17T23:42:10.263000Z,2025-12-18T16:35:48.031000Z,2025-12-17T23:42:10.612000Z,588.0,7605924361,5786,CONSENT_REVOKED,CONSENT_REVOKED,CONSENT_REVOKED,CONSENT_REVOKED,CONSENT_REVOKED,CONSENT_REVOKED,CONSENT_REVOKED,CONSENT_REVOKED,CONSENT_REVOKED,CONSENT_REVOKED,CONSENT_REVOKED
6943505f093a09722935c770,6148f3d1074988c7852c1774,RETURNED,Not Applicable,2025-12-18T00:52:51.783000Z,2025-12-18T00:53:02.373000Z,,2025-12-18T00:53:02.714000Z,,4105455679,11502,CONSENT_REVOKED,CONSENT_REVOKED,CONSENT_REVOKED,CONSENT_REVOKED,CONSENT_REVOKED,CONSENT_REVOKED,CONSENT_REVOKED,CONSENT_REVOKED,CONSENT_REVOKED,CONSENT_REVOKED,CONSENT_REVOKED
